--
-- PostgreSQL database dump
--

-- Dumped from database version 14.13 (Ubuntu 14.13-0ubuntu0.22.04.1)
-- Dumped by pg_dump version 14.13 (Ubuntu 14.13-0ubuntu0.22.04.1)

SET statement_timeout = 0;
SET lock_timeout = 0;
SET idle_in_transaction_session_timeout = 0;
SET client_encoding = 'UTF8';
SET standard_conforming_strings = on;
SELECT pg_catalog.set_config('search_path', '', false);
SET check_function_bodies = false;
SET xmloption = content;
SET client_min_messages = warning;
SET row_security = off;

SET default_tablespace = '';

SET default_table_access_method = heap;

--
-- Name: installer; Type: TABLE; Schema: public; Owner: postgres
--

CREATE TABLE public.installer (
    n_poste character varying(7),
    n_logiciel character varying(7),
    date_ins date
);


ALTER TABLE public.installer OWNER TO postgres;

--
-- Name: logiciel; Type: TABLE; Schema: public; Owner: postgres
--

CREATE TABLE public.logiciel (
    n_logiciel character varying(7) NOT NULL,
    nom_logiciel character varying(20),
    date_achat date,
    version character varying(7),
    type_logiciel character varying(20)
);


ALTER TABLE public.logiciel OWNER TO postgres;

--
-- Name: mock_data; Type: TABLE; Schema: public; Owner: postgres
--

CREATE TABLE public.mock_data (
    id integer,
    first_name character varying(50),
    last_name character varying(50),
    email character varying(50),
    gender character varying(50),
    ip_address character varying(20),
    age integer,
    birth_date date
);


ALTER TABLE public.mock_data OWNER TO postgres;

--
-- Name: poste; Type: TABLE; Schema: public; Owner: postgres
--

CREATE TABLE public.poste (
    n_poste character varying(7) NOT NULL,
    nom_poste character varying(20),
    n_segment character varying(10),
    ad character varying(2),
    type_poste character varying(20),
    n_salle character varying(7)
);


ALTER TABLE public.poste OWNER TO postgres;

--
-- Name: salle; Type: TABLE; Schema: public; Owner: postgres
--

CREATE TABLE public.salle (
    n_salle character varying(7) NOT NULL,
    nom_salle character varying(20),
    n_segment character varying(10),
    nb_poste character varying(7)
);


ALTER TABLE public.salle OWNER TO postgres;

--
-- Name: segment; Type: TABLE; Schema: public; Owner: postgres
--

CREATE TABLE public.segment (
    n_segment character varying(10) NOT NULL,
    nom_segment character varying(20)
);


ALTER TABLE public.segment OWNER TO postgres;

--
-- Name: type; Type: TABLE; Schema: public; Owner: postgres
--

CREATE TABLE public.type (
    type_lp character varying(10),
    nom_type character varying(30)
);


ALTER TABLE public.type OWNER TO postgres;

--
-- Data for Name: installer; Type: TABLE DATA; Schema: public; Owner: postgres
--

COPY public.installer (n_poste, n_logiciel, date_ins) FROM stdin;
P2	Log1	2021-05-15
P2	Log2	2020-09-17
P4	Log5	2022-05-30
P6	Log6	2021-05-20
P6	Log1	2021-05-20
P8	Log2	2021-05-19
P8	Log6	2021-05-20
P11	Log3	2022-04-20
P12	Log4	2020-06-20
P11	Log7	2022-04-20
\.


--
-- Data for Name: logiciel; Type: TABLE DATA; Schema: public; Owner: postgres
--

COPY public.logiciel (n_logiciel, nom_logiciel, date_achat, version, type_logiciel) FROM stdin;
Log2	Oracle 10g	2020-09-15	10.1	UNIX
Log3	Sql Server	2022-04-12	2020SE	PCXP
Log4	4D	2020-06-03	2019.4	PCXP
Log5	Windev	2021-11-12	10	PCWS
Log6	Sql*Net	2021-05-13	2.5	UNIX
Log7	I. I. S.	2020-04-12	6.0	PCXP
Log8	Autocad	2022-03-21	AU2019	PCWS
Log1	Oracle 10g	2021-05-13	9.2	UNIX
\.


--
-- Data for Name: mock_data; Type: TABLE DATA; Schema: public; Owner: postgres
--

COPY public.mock_data (id, first_name, last_name, email, gender, ip_address, age, birth_date) FROM stdin;
1	Saidee	Brunel	sbrunel0@meetup.com	Female	170.177.94.97	54	1973-01-12
2	Filmore	Cabbell	fcabbell1@mysql.com	Male	10.14.168.223	44	1942-11-26
3	Fenelia	Benfell	fbenfell2@fema.gov	Female	212.202.236.186	63	1942-04-26
4	Barr	Blatchford	bblatchford3@wikimedia.org	Male	204.85.166.225	67	1956-02-09
5	Willie	Eaklee	weaklee4@phpbb.com	Male	21.214.128.203	67	1982-09-18
6	Trev	Grisdale	tgrisdale5@de.vu	Male	104.247.128.216	48	1936-02-26
7	Lazare	Byrnes	lbyrnes6@ft.com	Male	40.121.121.2	19	1978-03-17
8	Clevie	Cotterel	ccotterel7@samsung.com	Male	186.63.17.163	69	1978-02-25
9	Kevina	Khilkov	kkhilkov8@instagram.com	Female	156.211.153.146	81	1984-05-03
10	Ronni	Skyme	rskyme9@mit.edu	Female	163.202.122.49	45	1936-02-26
11	Jennee	Tournay	jtournaya@surveymonkey.com	Female	181.100.70.17	72	1973-04-04
12	Sandye	Regglar	sregglarb@nyu.edu	Female	34.185.162.33	61	1989-11-05
13	Adrianna	Penburton	apenburtonc@nps.gov	Female	45.95.0.18	40	1976-11-22
14	Thaxter	Vain	tvaind@google.ca	Male	197.224.199.170	81	1993-10-20
15	Gill	MacLise	gmaclisee@army.mil	Male	36.160.74.138	33	1957-11-15
16	Leia	Toller	ltollerf@amazon.de	Genderqueer	180.50.1.14	49	1946-04-16
17	Arturo	Soppit	asoppitg@storify.com	Male	245.206.43.206	68	1937-09-09
18	Brittne	Krienke	bkrienkeh@adobe.com	Female	129.61.82.142	29	1934-11-27
19	Geraldine	Rogeon	grogeoni@seattletimes.com	Agender	57.71.134.16	26	1973-09-04
20	Devin	Botcherby	dbotcherbyj@berkeley.edu	Female	143.6.48.177	37	1968-09-10
21	Dorie	Henstone	dhenstonek@ox.ac.uk	Female	181.35.233.13	76	1940-08-26
22	Carr	Orys	corysl@addthis.com	Agender	62.215.146.67	72	1961-07-31
23	Desi	Matevosian	dmatevosianm@guardian.co.uk	Agender	131.72.147.143	22	1995-04-03
24	Davidde	Amberger	dambergern@wired.com	Male	73.65.97.40	58	1946-10-18
25	Chelsae	Gillott	cgillotto@cafepress.com	Female	223.170.8.247	32	1954-03-26
26	Courtnay	Kittley	ckittleyp@washingtonpost.com	Female	114.165.131.171	27	1974-09-08
27	Rainer	Rought	rroughtq@miitbeian.gov.cn	Male	31.15.77.42	47	1937-06-21
28	Chaim	Cannell	ccannellr@craigslist.org	Male	71.186.30.148	78	1992-02-06
29	Antonius	Took	atooks@newyorker.com	Male	254.55.130.98	23	1969-01-20
30	Perice	Sille	psillet@si.edu	Male	64.136.253.232	43	1972-05-06
31	Chester	Busson	cbussonu@usatoday.com	Male	88.21.178.92	28	1931-11-26
32	Brenna	Roseaman	broseamanv@engadget.com	Female	51.61.25.187	57	1931-08-22
33	Bill	Norgate	bnorgatew@noaa.gov	Male	41.226.104.3	18	1968-01-15
34	Hillyer	Kiessel	hkiesselx@taobao.com	Male	238.250.84.66	29	1943-03-01
35	Jaquelin	Ahrens	jahrensy@pagesperso-orange.fr	Female	69.92.106.97	58	1998-11-13
36	Mackenzie	Worvell	mworvellz@spiegel.de	Male	97.255.203.250	67	1964-07-12
37	Letizia	Joddins	ljoddins10@accuweather.com	Female	115.149.166.150	48	1985-07-07
38	Josselyn	Postle	jpostle11@cpanel.net	Female	212.45.45.23	49	1970-05-23
39	Neel	Feldhuhn	nfeldhuhn12@oakley.com	Male	39.96.89.17	26	1956-02-24
40	Marsiella	Thomsson	mthomsson13@mtv.com	Female	116.33.72.234	72	1968-12-11
41	Ilise	Zink	izink14@tinypic.com	Female	81.156.144.33	41	1939-10-19
42	Terri	Orteaux	torteaux15@exblog.jp	Male	184.201.96.167	29	1983-08-20
43	Pate	Sowerby	psowerby16@state.gov	Male	69.237.49.72	75	1960-07-11
44	Clerc	Stillman	cstillman17@walmart.com	Male	125.251.104.129	81	1950-07-30
45	Virginie	Goschalk	vgoschalk18@liveinternet.ru	Bigender	76.170.185.192	18	1985-02-11
46	Damara	Grundy	dgrundy19@t.co	Female	23.137.205.242	67	1959-12-10
47	Ermina	de Werk	edewerk1a@unicef.org	Female	5.176.218.197	71	1983-01-09
48	Van	Elcomb	velcomb1b@latimes.com	Female	173.142.141.181	48	1955-05-10
49	Lauretta	Renowden	lrenowden1c@webeden.co.uk	Agender	42.66.174.4	68	1980-08-06
50	Effie	Maxwaile	emaxwaile1d@jalbum.net	Female	144.10.226.190	60	1984-02-24
51	Sid	Soonhouse	ssoonhouse1e@eventbrite.com	Male	179.21.174.100	64	1947-10-04
52	Cari	Livingston	clivingston1f@businessweek.com	Female	18.34.145.146	77	1979-05-17
53	Manda	Einchcombe	meinchcombe1g@biglobe.ne.jp	Female	161.250.226.224	71	1972-08-28
54	Clim	Southey	csouthey1h@flickr.com	Male	190.65.223.121	26	1992-01-07
55	Clarey	Bentick	cbentick1i@upenn.edu	Female	222.113.28.243	62	1975-10-08
56	Filide	Romagnosi	fromagnosi1j@dailymotion.com	Genderfluid	174.126.9.128	65	1963-12-28
57	Charil	Autin	cautin1k@telegraph.co.uk	Female	41.37.89.101	46	1982-12-17
58	Ferdinanda	Schirak	fschirak1l@imgur.com	Polygender	213.190.225.26	23	1963-09-06
59	Roseline	Bruhnicke	rbruhnicke1m@myspace.com	Female	230.133.250.207	53	1998-04-20
60	Antoine	Adao	aadao1n@godaddy.com	Male	249.118.210.30	83	1995-03-04
61	Maxie	Duffree	mduffree1o@sun.com	Female	254.54.119.227	78	1997-05-18
62	Starla	Gibbins	sgibbins1p@twitpic.com	Female	243.163.224.121	54	1959-04-01
63	Killie	Frid	kfrid1q@pbs.org	Male	195.175.167.134	57	2000-01-17
64	Arnie	Mulqueeny	amulqueeny1r@sun.com	Male	36.61.87.43	44	1930-07-30
65	Kattie	Beckingham	kbeckingham1s@free.fr	Female	124.169.10.58	73	1993-02-07
66	Burke	Tann	btann1t@dailymotion.com	Male	182.53.123.206	61	1995-03-13
67	Ansell	Dunsford	adunsford1u@constantcontact.com	Non-binary	139.142.191.141	35	1992-04-30
68	Deanna	Bleaden	dbleaden1v@facebook.com	Female	92.151.33.51	71	1962-04-20
69	Blair	Ochterlony	bochterlony1w@fda.gov	Male	238.247.121.111	25	1932-12-09
70	Barbaraanne	Hogbin	bhogbin1x@mozilla.com	Female	122.43.125.201	45	1998-11-28
71	Lovell	Deadman	ldeadman1y@sfgate.com	Male	10.149.81.60	38	1987-05-22
72	Darryl	Ryce	dryce1z@quantcast.com	Female	205.35.232.19	70	1988-09-18
73	Marj	Goddard	mgoddard20@samsung.com	Female	159.158.117.0	84	1930-05-10
74	Smitty	Baudet	sbaudet21@gizmodo.com	Male	77.62.203.167	73	1932-03-12
75	Ingmar	Pilpovic	ipilpovic22@dmoz.org	Genderqueer	77.252.63.130	77	1941-01-25
76	Emlynne	Mandal	emandal23@uol.com.br	Female	127.135.168.1	39	1941-06-27
77	Bartlet	De Banke	bdebanke24@addtoany.com	Male	126.125.107.162	59	1959-06-24
78	Ramon	Fontell	rfontell25@taobao.com	Male	109.37.217.9	54	1945-12-07
79	Townie	Screwton	tscrewton26@digg.com	Male	37.45.238.208	80	1941-04-20
80	Katlin	Ambrosio	kambrosio27@mapquest.com	Female	80.91.104.179	63	1970-02-13
81	Henri	Pane	hpane28@dmoz.org	Male	30.57.56.114	18	1968-12-14
82	Ruddy	Skakunas	rskakunas29@phpbb.com	Genderfluid	187.124.28.127	64	1978-10-28
83	Louise	Gooddie	lgooddie2a@aol.com	Female	182.95.46.143	55	1996-08-15
84	Alexio	Mowday	amowday2b@seesaa.net	Male	44.47.124.63	33	1977-01-26
85	Lay	Luis	lluis2c@marketwatch.com	Polygender	114.41.93.247	83	1937-09-02
86	Torry	Ioannou	tioannou2d@edublogs.org	Male	113.249.201.63	79	1943-01-19
87	Ulysses	Grindle	ugrindle2e@youtu.be	Male	195.2.162.155	69	1950-03-09
88	Billye	Pennini	bpennini2f@time.com	Female	217.113.220.246	19	1963-12-15
89	Miner	Sprigg	msprigg2g@github.io	Male	162.13.236.41	30	1943-03-13
90	Freda	Winch	fwinch2h@gmpg.org	Female	106.192.36.19	57	1999-01-30
91	Ivette	Mangan	imangan2i@bluehost.com	Polygender	231.87.34.229	49	1946-04-01
92	Leonelle	Handrick	lhandrick2j@shop-pro.jp	Non-binary	177.243.97.43	35	1985-02-14
93	Karlik	Humberston	khumberston2k@amazon.de	Male	47.136.21.57	48	1960-06-05
94	Teodorico	Roomes	troomes2l@tripadvisor.com	Genderqueer	23.131.120.113	58	1990-07-07
95	Goober	Mucillo	gmucillo2m@wordpress.com	Male	253.71.147.200	81	1989-04-12
96	Alfy	Donnan	adonnan2n@google.fr	Female	135.244.89.10	37	1951-05-13
97	Aldus	Faircley	afaircley2o@redcross.org	Male	81.223.249.177	32	1933-02-15
98	Cherie	Eaklee	ceaklee2p@posterous.com	Female	45.97.128.2	46	1982-08-20
99	Darren	Cristobal	dcristobal2q@canalblog.com	Male	123.113.102.69	83	1959-12-23
100	Ursula	Duignan	uduignan2r@huffingtonpost.com	Female	105.144.174.95	80	1993-04-17
101	Corbett	Hatherley	chatherley2s@meetup.com	Male	247.230.232.204	20	1975-08-02
102	Madelyn	Lickorish	mlickorish2t@admin.ch	Female	79.80.72.146	62	1976-09-20
103	Sidnee	Van Halle	svanhalle2u@indiatimes.com	Male	51.140.124.242	71	1942-11-15
104	Addie	Redier	aredier2v@lulu.com	Female	15.172.241.52	83	1937-12-28
105	Rockie	Wildt	rwildt2w@seattletimes.com	Genderfluid	34.193.57.95	76	1951-12-08
106	Hedvig	Charlesworth	hcharlesworth2x@flavors.me	Female	234.151.172.150	37	1934-10-29
107	Louise	Allix	lallix2y@adobe.com	Female	145.167.60.182	85	1944-08-14
108	Bartolemo	Barkus	bbarkus2z@surveymonkey.com	Male	51.53.161.242	38	1939-10-23
109	Annice	Stoacley	astoacley30@domainmarket.com	Female	81.238.225.144	52	1952-08-06
110	Cody	Nono	cnono31@parallels.com	Female	193.73.173.21	53	2000-07-08
111	Tyrus	Walak	twalak32@amazon.de	Male	20.239.59.223	62	1947-01-19
112	Anni	Keirl	akeirl33@webmd.com	Female	82.112.86.244	80	1997-03-14
113	Taber	Huntington	thuntington34@4shared.com	Male	176.111.186.68	23	1997-10-26
114	Alden	Bramah	abramah35@freewebs.com	Male	192.211.178.108	59	1941-10-21
115	Stavros	Newham	snewham36@storify.com	Male	202.126.192.55	53	1930-12-13
116	Kasper	Skellen	kskellen37@cafepress.com	Genderfluid	204.167.208.103	61	1954-11-25
117	Vikki	Reuter	vreuter38@altervista.org	Female	168.99.166.95	26	1949-06-19
118	Stanislas	Fullalove	sfullalove39@microsoft.com	Male	166.45.154.26	75	1999-11-01
119	Lazare	Medgewick	lmedgewick3a@woothemes.com	Male	39.226.59.23	61	1939-05-26
120	Ferguson	Halcro	fhalcro3b@scientificamerican.com	Male	217.77.201.199	28	1974-04-24
121	Illa	Osgarby	iosgarby3c@squidoo.com	Female	239.10.76.92	28	1935-09-10
122	Karalee	Sonnenschein	ksonnenschein3d@epa.gov	Female	204.113.188.145	48	2002-06-12
123	Cornela	Aylett	caylett3e@discuz.net	Female	92.41.145.160	29	1939-01-28
124	Odele	Prozillo	oprozillo3f@eventbrite.com	Non-binary	251.113.229.146	21	1989-01-01
125	Paulita	Jeger	pjeger3g@tumblr.com	Female	192.189.42.0	42	1971-08-21
126	Dorry	Ringwood	dringwood3h@google.com	Bigender	191.70.158.11	66	1948-03-08
127	Issi	Inglish	iinglish3i@storify.com	Female	183.152.41.168	38	1955-05-22
128	Barret	Startin	bstartin3j@mapy.cz	Male	199.211.200.150	83	1985-09-03
129	Chariot	Dyett	cdyett3k@chron.com	Male	54.36.109.66	34	1961-08-29
130	Monique	Berre	mberre3l@slashdot.org	Female	112.182.145.213	61	1977-05-01
131	Cherrita	Vise	cvise3m@gmpg.org	Female	147.211.251.79	82	1955-11-28
132	Monti	Overton	moverton3n@comcast.net	Male	20.56.111.115	42	1932-10-22
133	Lucilia	Tomasek	ltomasek3o@elegantthemes.com	Female	220.194.130.106	70	1979-11-13
134	Josephina	Cankett	jcankett3p@cnet.com	Female	127.221.120.41	37	1984-07-07
135	Cash	Crosthwaite	ccrosthwaite3q@youtu.be	Bigender	93.10.68.131	29	1932-11-13
136	Ximenes	Baff	xbaff3r@nba.com	Male	113.141.16.82	20	1964-12-17
137	Adam	Lain	alain3s@hubpages.com	Male	193.131.187.198	77	1947-05-14
138	Anastasia	McLernon	amclernon3t@twitpic.com	Female	184.45.202.248	28	1975-02-04
139	Ramonda	Lauret	rlauret3u@prnewswire.com	Female	33.62.25.238	58	1992-08-12
140	Onfre	Georgius	ogeorgius3v@mysql.com	Male	224.162.222.114	67	1997-05-31
141	Jayne	Baszniak	jbaszniak3w@ovh.net	Female	192.110.115.190	80	1989-07-31
142	Corney	Dantesia	cdantesia3x@redcross.org	Male	219.193.63.185	73	1987-03-04
143	Arleen	Jiggins	ajiggins3y@prlog.org	Agender	78.75.11.160	32	1991-06-09
144	Mozelle	Hurtic	mhurtic3z@photobucket.com	Female	64.199.75.99	79	1995-01-13
145	Finley	Redgewell	fredgewell40@drupal.org	Male	160.137.111.36	34	1977-03-20
146	Dwayne	Kwietak	dkwietak41@macromedia.com	Male	120.154.71.68	83	1960-12-17
147	Faber	Jansa	fjansa42@state.gov	Male	49.107.69.161	72	1992-07-04
148	Quintus	Ruffler	qruffler43@myspace.com	Male	236.108.198.162	63	1960-07-17
149	Nicolette	MacKimm	nmackimm44@exblog.jp	Bigender	237.86.155.31	28	1987-09-09
150	Kai	Davio	kdavio45@dailymotion.com	Female	124.127.98.25	55	1986-02-17
151	Ezra	Dalrymple	edalrymple46@topsy.com	Male	3.240.75.58	42	1996-07-07
152	Liam	Coddrington	lcoddrington47@wisc.edu	Male	122.31.122.228	47	1981-07-18
153	Shaylah	Martinat	smartinat48@cafepress.com	Female	80.81.244.230	48	1972-06-18
154	Jacenta	Lowthian	jlowthian49@google.de	Female	65.227.79.95	26	1990-07-09
155	Jere	Alway	jalway4a@ibm.com	Male	78.163.17.54	73	1963-02-20
156	Mendel	Ferrari	mferrari4b@ox.ac.uk	Genderfluid	42.247.67.49	69	1958-08-29
157	Randee	McGeachie	rmcgeachie4c@skype.com	Female	219.180.211.151	43	1936-09-07
158	Nevin	Dannel	ndannel4d@amazon.com	Male	201.195.9.45	81	1987-10-26
159	Marlena	Lindhe	mlindhe4e@alexa.com	Female	79.183.82.248	62	1951-01-21
160	Gertrudis	Oddie	goddie4f@technorati.com	Female	4.205.159.22	33	1987-06-29
161	Jefferey	Byer	jbyer4g@ehow.com	Male	212.204.138.252	24	1968-10-22
162	Cory	Jenney	cjenney4h@symantec.com	Female	106.192.76.163	83	1948-12-06
163	Monroe	Dragon	mdragon4i@amazonaws.com	Male	54.241.161.43	25	1948-09-11
164	Aggy	Folkerd	afolkerd4j@bloglines.com	Female	240.95.167.184	47	1988-11-05
165	Corbie	Newdick	cnewdick4k@engadget.com	Male	24.98.252.54	83	1937-05-08
166	Keslie	Tonna	ktonna4l@wikipedia.org	Female	203.164.111.238	41	1982-05-06
167	Estella	Ashard	eashard4m@ucoz.com	Female	244.63.227.154	79	1966-01-10
168	Pegeen	Sears	psears4n@theglobeandmail.com	Female	96.97.44.88	38	1962-06-25
169	Bentley	Tumbelty	btumbelty4o@sun.com	Male	247.92.167.22	29	1992-04-05
170	Fionna	Stickler	fstickler4p@japanpost.jp	Female	205.25.129.40	85	1966-06-07
171	Pauletta	Poulton	ppoulton4q@last.fm	Female	152.152.160.181	58	1974-07-06
172	Millard	Eagleton	meagleton4r@sina.com.cn	Male	51.141.212.21	49	1947-06-22
173	Lon	Morten	lmorten4s@google.ca	Male	234.90.86.212	70	1967-11-12
174	Serena	Maeer	smaeer4t@weibo.com	Female	76.207.14.52	84	1986-01-11
175	Violette	Whisson	vwhisson4u@nationalgeographic.com	Female	209.231.219.237	62	2002-04-30
176	Kirsti	Iacovozzo	kiacovozzo4v@rambler.ru	Female	211.140.36.186	33	1953-06-07
177	Celene	Gladyer	cgladyer4w@phoca.cz	Female	205.49.251.78	64	1990-07-27
178	Kissie	Dorbin	kdorbin4x@pinterest.com	Female	51.13.224.79	67	1935-06-28
179	Quincey	Fryman	qfryman4y@eventbrite.com	Male	128.47.244.245	63	1963-01-27
180	Vail	Hallihane	vhallihane4z@google.fr	Male	191.210.96.215	63	1969-11-04
181	Kerry	MacNaughton	kmacnaughton50@privacy.gov.au	Male	1.17.141.143	50	1963-03-15
182	Collie	Hubbucks	chubbucks51@fema.gov	Female	158.232.29.32	51	1998-12-26
183	Kimmie	Rome	krome52@slate.com	Female	55.142.134.65	45	1960-12-07
184	Heall	Elger	helger53@google.nl	Male	187.54.126.115	48	1999-06-12
185	Claus	Quakley	cquakley54@odnoklassniki.ru	Male	215.142.162.86	32	1984-02-18
186	Brittni	Sieghart	bsieghart55@google.com.br	Female	125.241.247.154	66	1946-05-07
187	Esteban	Wallbrook	ewallbrook56@google.ca	Genderqueer	245.238.166.174	22	1978-10-25
188	Kimberlyn	Martschke	kmartschke57@google.com.hk	Non-binary	79.224.250.177	69	1943-07-03
189	Welch	Greatorex	wgreatorex58@cam.ac.uk	Male	74.7.222.178	22	1987-03-22
190	Shadow	Burston	sburston59@businessweek.com	Polygender	45.84.255.138	45	1935-09-08
191	Aline	Mickelwright	amickelwright5a@weebly.com	Female	234.58.211.171	22	1978-04-09
192	Chic	McEnery	cmcenery5b@businessinsider.com	Male	29.133.5.79	52	1967-12-23
193	Lulita	Thorndale	lthorndale5c@comcast.net	Female	5.206.119.147	45	1958-03-25
194	Ynez	Emberson	yemberson5d@jiathis.com	Polygender	154.124.117.114	58	1999-09-10
195	Astra	Goodban	agoodban5e@miibeian.gov.cn	Female	53.85.84.187	25	1974-06-14
196	Fredia	Roundtree	froundtree5f@ustream.tv	Female	178.93.145.220	65	1966-04-10
197	Aloysia	Walicki	awalicki5g@google.com.br	Female	13.21.84.252	19	1965-05-17
198	Alisa	Deverale	adeverale5h@buzzfeed.com	Female	149.105.58.76	79	1946-11-28
199	Koren	Tellett	ktellett5i@mashable.com	Female	128.71.101.153	46	1982-05-28
200	Theresita	Gilloran	tgilloran5j@engadget.com	Female	199.163.229.73	40	1971-01-18
201	Kamillah	Fenkel	kfenkel5k@bigcartel.com	Female	210.37.4.151	42	1970-10-22
202	Fairlie	Garrould	fgarrould5l@npr.org	Male	137.19.182.56	84	1955-10-15
203	Maryrose	Henrie	mhenrie5m@nature.com	Non-binary	238.6.184.48	26	1974-09-17
204	Gilly	Mudd	gmudd5n@wix.com	Female	243.168.173.227	62	1959-09-25
205	Hanan	Siehard	hsiehard5o@bluehost.com	Male	129.206.133.162	74	1975-01-03
206	Jeana	Rentcome	jrentcome5p@clickbank.net	Female	203.23.233.208	21	1994-12-28
207	Cecilio	Eastment	ceastment5q@mlb.com	Non-binary	203.196.50.255	84	1990-01-31
208	Brandie	Coppens	bcoppens5r@thetimes.co.uk	Bigender	179.8.133.129	42	1938-08-27
209	Adelaide	Barley	abarley5s@google.co.jp	Female	28.245.109.78	64	1959-05-09
210	Silvie	Peschet	speschet5t@ovh.net	Female	32.134.156.115	73	1980-03-01
211	Hilary	Arpin	harpin5u@pagesperso-orange.fr	Female	229.124.221.217	62	1976-09-21
212	Edgardo	Corneliussen	ecorneliussen5v@webs.com	Male	244.125.196.181	65	1986-04-08
213	Shanie	Lillico	slillico5w@reverbnation.com	Genderqueer	30.189.60.42	74	1974-01-01
214	Cal	Mum	cmum5x@g.co	Female	89.10.87.205	41	1961-07-20
215	Sheri	Fennell	sfennell5y@imgur.com	Female	133.224.17.144	68	1966-10-08
216	Jeanelle	Pering	jpering5z@nsw.gov.au	Female	236.94.26.248	69	1932-06-07
217	Clemence	Ralston	cralston60@buzzfeed.com	Female	148.28.228.202	19	1986-10-14
218	Katharine	Rydzynski	krydzynski61@usatoday.com	Female	40.137.237.125	79	1947-08-14
219	Trudey	Fursey	tfursey62@dion.ne.jp	Female	211.10.69.197	22	1976-06-23
220	Hieronymus	Labden	hlabden63@biglobe.ne.jp	Male	194.210.146.227	85	1941-06-16
221	Calypso	Tighe	ctighe64@bbb.org	Female	148.75.118.168	58	1935-05-15
222	Thain	Martinez	tmartinez65@google.nl	Male	241.173.241.252	76	1958-05-23
223	Micheil	Swayton	mswayton66@state.tx.us	Male	75.96.54.102	64	1987-11-10
224	Brier	Canizares	bcanizares67@gizmodo.com	Female	113.97.124.11	46	1930-01-29
225	Valentino	Spoor	vspoor68@npr.org	Male	82.90.23.86	31	1982-12-13
226	Clayborn	Grzeszczak	cgrzeszczak69@virginia.edu	Male	234.203.14.96	85	1944-08-15
227	Hector	Eliyahu	heliyahu6a@fc2.com	Male	124.66.129.195	38	1950-05-03
228	Marlee	Meus	mmeus6b@wisc.edu	Female	42.189.67.71	67	1949-07-08
229	Idalina	Rivelon	irivelon6c@oakley.com	Female	208.48.19.104	66	1942-02-18
230	Arliene	Ends	aends6d@xinhuanet.com	Female	85.216.2.181	43	1994-08-04
231	Wain	Mattam	wmattam6e@java.com	Male	189.73.93.253	54	1953-04-22
232	Kain	Kellen	kkellen6f@gov.uk	Male	215.244.170.154	45	1956-08-27
233	Crosby	Leyre	cleyre6g@ebay.com	Male	169.171.248.167	53	1958-02-01
234	Elle	Ashwin	eashwin6h@plala.or.jp	Female	54.251.59.130	23	1962-06-19
235	Ennis	Naylor	enaylor6i@constantcontact.com	Male	132.110.95.82	49	1941-06-15
236	Brooke	Fochs	bfochs6j@1688.com	Male	31.163.138.113	30	1936-06-13
237	Mela	Charlot	mcharlot6k@disqus.com	Female	58.12.121.153	20	1989-09-30
238	Gwendolen	Cumbes	gcumbes6l@privacy.gov.au	Female	240.154.72.134	59	1998-05-21
239	Celka	Lotherington	clotherington6m@quantcast.com	Female	41.32.45.146	19	1967-08-01
240	Dew	Carlick	dcarlick6n@ehow.com	Male	24.91.39.48	66	1944-10-08
241	Valli	Melhuish	vmelhuish6o@mac.com	Female	116.220.233.241	31	1962-02-28
242	Clarey	Da Costa	cdacosta6p@ibm.com	Female	129.2.96.216	47	1959-11-18
243	Eward	Megahey	emegahey6q@gnu.org	Bigender	149.213.200.189	23	1939-08-04
244	Dyann	Jack	djack6r@va.gov	Female	31.110.191.210	56	1960-03-18
245	Levey	Rushmere	lrushmere6s@unc.edu	Genderqueer	204.143.194.105	77	1950-11-24
246	Giovanni	Copperwaite	gcopperwaite6t@techcrunch.com	Male	228.86.248.201	52	1966-06-02
247	Faith	Stanyer	fstanyer6u@msu.edu	Female	221.22.97.43	38	1949-10-01
248	Darcee	Kyte	dkyte6v@intel.com	Female	38.177.200.199	24	1962-01-19
249	Andrea	Hunte	ahunte6w@foxnews.com	Genderqueer	234.44.12.136	30	1951-07-05
250	Chandler	Grinley	cgrinley6x@google.com.hk	Polygender	151.173.229.236	33	1985-10-04
251	Sholom	Hargie	shargie6y@fema.gov	Male	99.157.225.93	31	1973-12-15
252	Benn	Sanney	bsanney6z@cocolog-nifty.com	Genderqueer	239.61.68.29	76	1951-03-28
253	Rosetta	Pendleton	rpendleton70@paypal.com	Female	169.251.16.193	79	1975-04-02
254	Tremayne	Dossetter	tdossetter71@ed.gov	Polygender	91.75.127.103	60	1985-06-15
255	Davin	Gelderd	dgelderd72@auda.org.au	Agender	253.171.88.60	58	1977-08-07
256	Giustina	McIlwreath	gmcilwreath73@discovery.com	Female	241.136.92.8	43	1957-12-16
257	Mandi	Whapples	mwhapples74@quantcast.com	Female	10.24.21.243	48	1931-03-14
258	Avery	de Leon	adeleon75@soundcloud.com	Male	119.180.235.195	23	1989-05-25
259	Wyndham	Chalcot	wchalcot76@delicious.com	Male	200.230.104.39	59	1970-01-23
260	Erena	Nelthropp	enelthropp77@amazon.co.jp	Female	222.104.97.220	31	1954-10-22
261	Eugen	Kops	ekops78@indiatimes.com	Male	143.79.201.216	23	1936-06-25
262	Stevena	Sappell	ssappell79@storify.com	Female	63.154.34.243	75	1999-12-27
263	Carolee	Blackler	cblackler7a@ca.gov	Female	245.227.123.82	80	1938-12-01
264	Kristoffer	Faro	kfaro7b@clickbank.net	Male	237.5.90.72	83	1996-04-13
265	Elene	Vidgen	evidgen7c@omniture.com	Female	119.115.81.183	29	1967-07-22
266	Raimondo	Santostefano.	rsantostefano7d@sitemeter.com	Bigender	155.204.171.49	81	1955-03-10
267	Lynnett	O'Lagen	lolagen7e@biblegateway.com	Female	13.74.54.165	66	1995-08-30
268	Hermon	Joddins	hjoddins7f@sun.com	Male	68.159.233.100	27	1991-02-09
269	Noreen	Rojas	nrojas7g@eepurl.com	Female	26.73.226.26	30	2002-10-05
270	Obie	Batt	obatt7h@yellowpages.com	Male	143.79.20.66	25	1976-12-24
271	Aeriel	Dedmam	adedmam7i@e-recht24.de	Female	44.68.48.87	53	1970-12-05
272	Boycey	Kitteridge	bkitteridge7j@comcast.net	Male	217.145.68.217	28	1930-10-09
273	Neale	Zylbermann	nzylbermann7k@reddit.com	Male	138.81.247.161	49	1933-07-13
274	Joyan	Freeborne	jfreeborne7l@about.com	Female	247.95.60.212	78	1975-12-06
275	Kenyon	Wisby	kwisby7m@loc.gov	Male	75.197.22.133	54	1982-04-27
276	Colver	Torrance	ctorrance7n@amazon.de	Male	176.193.42.0	56	1963-10-29
277	Paquito	Montfort	pmontfort7o@pinterest.com	Male	97.170.152.119	37	1941-02-19
278	Sascha	Gater	sgater7p@topsy.com	Female	219.137.38.157	81	1988-10-08
279	Leelah	aManger	lamanger7q@yellowpages.com	Polygender	124.145.120.174	35	1971-08-18
280	Enrique	Caville	ecaville7r@tiny.cc	Male	92.12.106.232	75	1971-04-01
281	Marcy	Peascod	mpeascod7s@hugedomains.com	Female	235.178.164.233	18	1968-07-22
282	Henrie	Weakley	hweakley7t@vkontakte.ru	Female	63.32.70.6	60	1937-07-07
283	Teena	Latore	tlatore7u@nbcnews.com	Female	148.67.3.238	33	1969-12-24
284	Jeralee	Coutts	jcoutts7v@cloudflare.com	Bigender	145.38.48.33	20	1973-02-13
285	Ettie	Tolworthie	etolworthie7w@amazon.co.jp	Agender	246.58.190.147	35	1944-11-16
286	Keelia	Godley	kgodley7x@ucla.edu	Female	201.63.204.168	73	1937-03-19
287	Del	Rapi	drapi7y@typepad.com	Male	191.85.114.117	30	1951-08-28
288	Mickey	Mattis	mmattis7z@tumblr.com	Male	177.119.96.40	80	2002-07-15
289	Marj	Hornung	mhornung80@baidu.com	Female	57.213.61.44	29	1982-05-28
290	Vinnie	Blaisdale	vblaisdale81@ovh.net	Female	130.247.19.127	48	1941-12-18
291	Spence	Fullstone	sfullstone82@taobao.com	Male	45.58.76.56	80	1933-06-14
292	Candra	Welband	cwelband83@theguardian.com	Female	167.207.187.113	73	1960-06-13
293	Orrin	Peddar	opeddar84@cloudflare.com	Bigender	212.229.5.38	31	1969-03-24
294	Yoshi	Beneze	ybeneze85@gnu.org	Female	153.162.101.39	85	1987-07-26
295	Morgen	Persicke	mpersicke86@t-online.de	Female	246.99.191.197	66	1984-04-08
296	Torrin	Winsiowiecki	twinsiowiecki87@hibu.com	Male	244.253.193.236	56	1996-05-29
297	Dulcine	Hurrell	dhurrell88@newsvine.com	Genderfluid	84.210.213.185	70	1943-04-10
298	Elfrieda	Oehme	eoehme89@cdbaby.com	Female	213.41.114.165	31	1930-01-19
299	Jolie	Sambles	jsambles8a@bbb.org	Female	217.15.147.234	84	1988-02-17
300	Ilyssa	Harrod	iharrod8b@ameblo.jp	Female	93.242.33.223	32	1999-08-30
301	Merilee	Rangall	mrangall8c@chronoengine.com	Polygender	139.188.153.145	70	2001-07-11
302	Armstrong	Muccino	amuccino8d@wisc.edu	Male	62.89.254.161	21	1954-11-26
303	Webb	Hugo	whugo8e@skyrock.com	Male	210.135.136.91	58	1986-11-13
304	Ogdon	Cuttell	ocuttell8f@a8.net	Male	73.107.44.75	50	1965-02-12
305	Kassi	Oldaker	koldaker8g@uol.com.br	Female	231.28.76.75	19	1984-07-11
306	Derry	Magrannell	dmagrannell8h@usgs.gov	Male	177.181.22.23	20	1942-02-19
307	Erin	Saye	esaye8i@eventbrite.com	Male	182.135.233.197	52	1981-01-18
308	Timoteo	Sudy	tsudy8j@altervista.org	Male	195.148.138.225	50	1944-09-03
309	Ozzie	Northage	onorthage8k@wordpress.com	Male	96.178.216.29	54	1990-06-08
310	Antoni	Brittan	abrittan8l@drupal.org	Male	162.92.147.53	53	1939-04-04
311	Nickolas	Sapir	nsapir8m@stumbleupon.com	Male	86.242.231.49	46	1984-08-21
312	Lenna	Aisthorpe	laisthorpe8n@foxnews.com	Female	35.116.190.106	22	1932-03-18
313	Patton	McNalley	pmcnalley8o@ning.com	Polygender	252.32.66.101	74	1963-02-10
314	Julee	Noton	jnoton8p@macromedia.com	Female	162.134.143.179	29	1972-02-22
315	Martainn	Digweed	mdigweed8q@google.fr	Male	81.222.249.44	66	1965-08-03
316	Rozina	Baddow	rbaddow8r@ustream.tv	Female	63.96.229.62	46	1939-08-21
317	Joe	Chazotte	jchazotte8s@examiner.com	Male	37.255.249.202	48	1973-08-14
318	Christy	Hegley	chegley8t@photobucket.com	Genderfluid	101.171.85.138	45	1939-05-29
319	Gusty	Bowne	gbowne8u@reference.com	Polygender	241.89.236.188	39	1930-11-17
320	Con	Borrell	cborrell8v@squarespace.com	Genderqueer	99.99.158.151	74	1959-06-27
321	Lillian	Ranson	lranson8w@t-online.de	Female	59.47.177.166	69	1994-06-27
322	Ermanno	Antognetti	eantognetti8x@time.com	Male	221.77.138.217	41	1985-11-25
323	Heriberto	Shercliff	hshercliff8y@tuttocitta.it	Agender	254.20.213.142	82	1933-01-17
324	Edouard	Sollner	esollner8z@mayoclinic.com	Male	172.100.55.250	83	1993-03-12
325	Elissa	Plait	eplait90@amazon.com	Female	138.41.24.240	50	1945-12-25
326	Jesus	Bolgar	jbolgar91@facebook.com	Male	29.194.76.57	63	1931-12-17
327	Yoko	De Bernardis	ydebernardis92@oracle.com	Female	165.40.158.181	79	1949-08-27
328	Gerladina	Sibary	gsibary93@reference.com	Female	248.128.215.28	73	1971-09-26
329	Davita	Childrens	dchildrens94@elpais.com	Female	58.40.61.113	37	1993-03-29
330	Sarene	Gerckens	sgerckens95@github.com	Genderqueer	175.233.4.113	73	1999-09-13
331	Bertie	Cobbald	bcobbald96@noaa.gov	Bigender	123.235.37.147	77	1949-04-25
332	Jamaal	Cross	jcross97@parallels.com	Male	47.82.156.38	26	1945-07-04
333	Galen	Bartosiak	gbartosiak98@dmoz.org	Male	9.215.61.2	38	1962-08-13
334	Hube	Tyson	htyson99@51.la	Male	37.72.132.242	77	1981-07-19
335	Devin	Fermoy	dfermoy9a@bloglovin.com	Male	13.192.77.162	44	1998-04-24
336	Job	Espinet	jespinet9b@blogtalkradio.com	Male	126.48.174.247	36	1951-03-24
337	Alexine	Caret	acaret9c@furl.net	Female	8.99.146.88	34	1989-09-10
338	Skye	Kliemke	skliemke9d@dagondesign.com	Male	13.179.189.149	46	1943-07-20
339	Tally	Gurling	tgurling9e@flavors.me	Male	72.52.157.199	72	1947-08-23
340	Janeen	Bortoli	jbortoli9f@webmd.com	Polygender	228.113.77.35	82	1976-07-04
341	Alanson	Sharvell	asharvell9g@w3.org	Male	205.24.9.117	22	1962-11-26
342	Marlane	Wickham	mwickham9h@utexas.edu	Female	214.119.33.141	21	1932-07-21
343	Jarib	Jedrzejkiewicz	jjedrzejkiewicz9i@chicagotribune.com	Male	44.189.118.229	72	1998-07-29
344	Emile	Muglestone	emuglestone9j@utexas.edu	Male	188.193.124.20	76	1998-01-24
345	Mavra	Ruskin	mruskin9k@cyberchimps.com	Female	109.39.190.79	36	1933-09-29
346	Shantee	Everwin	severwin9l@businesswire.com	Female	230.139.74.29	36	1935-11-19
347	Bar	Shaxby	bshaxby9m@imageshack.us	Male	209.130.74.58	42	1978-10-26
348	Gill	Fulep	gfulep9n@hhs.gov	Female	224.248.48.221	22	1974-10-29
349	Vanessa	Millsap	vmillsap9o@arizona.edu	Female	241.216.56.51	41	1951-01-20
350	Jolyn	Fritter	jfritter9p@eepurl.com	Female	201.186.250.44	41	1951-04-11
351	Rhodie	Tewkesbury.	rtewkesbury9q@cnbc.com	Female	143.20.153.154	57	1987-02-27
352	Stillman	Shurmore	sshurmore9r@list-manage.com	Male	192.250.118.10	65	1986-10-03
353	Jenine	Alp	jalp9s@hugedomains.com	Female	42.204.232.78	79	1983-09-02
354	Bertina	Figura	bfigura9t@nhs.uk	Genderfluid	131.133.11.23	83	1948-04-12
355	Saba	Moat	smoat9u@cam.ac.uk	Female	145.168.160.251	34	1934-06-10
356	Amby	Hynd	ahynd9v@usnews.com	Male	166.116.126.88	45	1952-09-02
357	Freemon	Jury	fjury9w@yandex.ru	Male	246.249.91.0	21	1934-06-07
358	Rea	Impleton	rimpleton9x@pen.io	Female	199.69.201.14	68	1967-09-08
359	Orton	Westfield	owestfield9y@utexas.edu	Male	58.138.148.53	22	1967-12-09
360	Cathryn	Trice	ctrice9z@yolasite.com	Female	198.225.49.238	20	1933-12-25
361	Harwell	Gilluley	hgilluleya0@nymag.com	Male	36.194.88.97	74	1952-07-31
362	Skell	Allcott	sallcotta1@nifty.com	Male	108.196.72.13	73	1990-06-12
363	Lucine	Aksell	laksella2@desdev.cn	Genderfluid	178.8.54.48	68	1967-11-01
364	Bret	Gingles	bginglesa3@feedburner.com	Male	31.199.163.124	49	1980-12-22
365	Pavel	Burdge	pburdgea4@msu.edu	Male	93.251.187.77	57	1975-09-21
366	Ewell	Mullaly	emullalya5@adobe.com	Male	85.202.15.54	51	1979-03-29
367	Cordie	Cowely	ccowelya6@nhs.uk	Bigender	12.225.131.250	34	1964-12-28
368	Lethia	McKearnen	lmckearnena7@facebook.com	Female	185.236.233.193	60	1954-04-28
369	Armand	Muckley	amuckleya8@bravesites.com	Male	83.141.9.13	64	1958-09-27
370	Elden	Zupa	ezupaa9@theguardian.com	Male	100.226.154.214	37	1983-10-07
371	Berna	Whimper	bwhimperaa@delicious.com	Agender	122.239.93.175	52	1950-10-13
372	Annaliese	Butt Gow	abuttgowab@gravatar.com	Female	115.41.162.242	21	1993-01-11
373	Nada	Brittan	nbrittanac@reuters.com	Female	149.34.9.111	54	1983-10-01
374	Sauncho	Hews	shewsad@google.ru	Male	101.200.156.11	77	1949-05-13
375	Jennica	Rumbold	jrumboldae@nationalgeographic.com	Female	34.242.41.11	59	1958-07-22
376	Arturo	Roche	arocheaf@creativecommons.org	Male	197.233.132.24	66	1980-06-06
377	Rosette	Pennings	rpenningsag@is.gd	Female	84.189.197.100	52	1991-10-27
378	Constanta	Lumox	clumoxah@imdb.com	Female	209.137.196.101	18	1954-12-23
379	Clemmie	Gadsby	cgadsbyai@bandcamp.com	Female	169.250.160.40	47	1977-12-09
380	Seumas	Bachs	sbachsaj@vistaprint.com	Male	160.122.58.67	48	1936-01-17
381	Hector	Wimbush	hwimbushak@amazon.de	Male	75.77.96.103	61	1973-06-28
382	Barnabe	Degg	bdeggal@photobucket.com	Male	184.59.169.12	66	1960-09-29
383	Juliana	Cowdry	jcowdryam@de.vu	Genderqueer	32.238.232.127	68	1937-10-19
384	Allys	Gallier	agallieran@epa.gov	Female	99.193.130.214	71	1948-01-01
385	Guthrey	Scrowton	gscrowtonao@cpanel.net	Male	220.107.249.219	57	1969-08-18
386	Sampson	Kibard	skibardap@bandcamp.com	Male	66.13.98.158	25	1950-12-06
387	Cheston	Sopp	csoppaq@digg.com	Male	65.138.164.25	20	1971-09-12
388	Mariel	Curling	mcurlingar@va.gov	Female	86.182.102.193	75	1944-08-03
389	Tammara	Bockman	tbockmanas@gizmodo.com	Genderfluid	123.191.124.104	26	1968-10-25
390	Kilian	Goudy	kgoudyat@qq.com	Male	87.178.238.243	22	2000-02-04
391	Rufus	Tomaszynski	rtomaszynskiau@blogs.com	Male	37.9.32.237	52	1957-06-23
392	Corby	Fellowes	cfellowesav@shutterfly.com	Male	179.190.113.241	36	1996-12-31
393	Carrissa	Georgeson	cgeorgesonaw@merriam-webster.com	Female	199.170.158.59	60	1965-09-04
394	Julia	Brastead	jbrasteadax@imdb.com	Polygender	151.143.38.143	22	1936-09-25
395	Guido	Collcott	gcollcottay@umich.edu	Male	154.34.94.94	65	1986-06-20
396	Jorey	Lavery	jlaveryaz@domainmarket.com	Female	95.150.101.213	84	1945-11-09
397	Honoria	Nurdin	hnurdinb0@answers.com	Female	62.242.126.187	74	1937-03-26
398	Hamlin	Chafer	hchaferb1@people.com.cn	Male	31.44.103.201	42	1970-12-07
399	Domenic	Wand	dwandb2@blogger.com	Male	57.152.155.152	32	1931-04-27
400	Erny	Bulmer	ebulmerb3@photobucket.com	Male	231.5.107.74	30	1944-07-08
401	Dannye	Dell Casa	ddellcasab4@noaa.gov	Female	192.143.123.30	72	1981-04-22
402	Worthington	Brauns	wbraunsb5@diigo.com	Agender	194.20.42.48	52	1999-06-19
403	Oby	Lagen	olagenb6@sfgate.com	Male	162.227.161.185	59	1983-01-03
404	Erie	Courson	ecoursonb7@phoca.cz	Male	60.159.74.29	85	1991-11-11
405	Rycca	Siccombe	rsiccombeb8@google.fr	Female	143.245.75.197	70	1948-11-16
406	Trish	Corn	tcornb9@ted.com	Female	12.163.111.31	31	1993-11-26
407	Cory	Custard	ccustardba@posterous.com	Female	220.170.247.250	44	1971-04-08
408	Ezri	Turrell	eturrellbb@engadget.com	Non-binary	55.248.82.10	38	1950-12-05
409	Catharine	Ackermann	cackermannbc@i2i.jp	Bigender	75.164.23.5	24	1936-02-05
410	Brietta	Jermin	bjerminbd@t.co	Female	57.228.147.212	77	1949-07-27
411	John	Mauvin	jmauvinbe@1und1.de	Male	7.50.138.238	29	1995-05-06
412	Florette	Strangman	fstrangmanbf@linkedin.com	Female	116.86.191.65	81	1950-02-03
413	Cheryl	Cocke	ccockebg@paginegialle.it	Female	163.28.154.122	23	1961-05-12
414	Nellie	Chestney	nchestneybh@mapquest.com	Female	234.225.146.159	21	1982-01-18
415	Lory	Nazaret	lnazaretbi@hc360.com	Female	246.88.139.172	74	1990-02-06
416	Vyky	Jacobsson	vjacobssonbj@ow.ly	Female	33.243.246.161	30	1932-01-10
417	Corie	Lathom	clathombk@google.nl	Female	183.14.136.22	84	1993-09-16
418	Arielle	Greeves	agreevesbl@mashable.com	Female	163.69.46.55	34	1965-07-18
419	Westbrooke	Mouser	wmouserbm@intel.com	Male	89.53.126.124	29	1954-04-29
420	Sinclair	Aronsohn	saronsohnbn@wunderground.com	Male	174.9.104.222	28	1984-10-08
421	Devin	Reuther	dreutherbo@devhub.com	Male	201.63.197.100	19	1968-07-26
422	Trev	Hebden	thebdenbp@infoseek.co.jp	Male	174.38.202.50	76	1987-02-19
423	Stefa	Neary	snearybq@hc360.com	Female	1.224.7.132	51	1992-11-30
424	Felisha	Loukes	floukesbr@china.com.cn	Female	186.202.210.159	45	1963-06-25
425	Grata	Dael	gdaelbs@quantcast.com	Female	237.214.195.231	40	1949-01-09
426	Charley	Kinkaid	ckinkaidbt@symantec.com	Male	114.92.153.151	32	1996-05-30
427	Hamlen	Povele	hpovelebu@live.com	Male	204.74.141.165	21	1969-05-30
428	Enrichetta	Penswick	epenswickbv@pen.io	Female	127.166.50.178	57	1941-05-06
429	Anica	Callicott	acallicottbw@yale.edu	Female	254.155.218.38	31	1993-02-13
430	Erny	Wimp	ewimpbx@cbslocal.com	Male	253.158.245.86	43	1963-07-16
431	Zsazsa	Grzelczak	zgrzelczakby@bigcartel.com	Female	214.210.38.0	20	1956-09-12
432	Timotheus	Aicheson	taichesonbz@geocities.jp	Male	244.130.230.35	43	1967-11-15
433	Monroe	Boog	mboogc0@accuweather.com	Male	162.132.159.135	26	1931-04-12
434	Aleda	Tytcomb	atytcombc1@nydailynews.com	Female	226.167.76.204	73	1968-11-24
435	Bealle	Gilbertson	bgilbertsonc2@oracle.com	Male	178.5.204.206	29	1932-10-06
436	Kristofer	Boanas	kboanasc3@twitpic.com	Male	157.148.3.50	66	1976-03-08
437	Shurlocke	Sallarie	ssallariec4@hugedomains.com	Male	12.113.22.145	18	1971-04-23
438	Andriette	Mauger	amaugerc5@ucoz.com	Agender	172.112.105.148	41	1945-02-02
439	Reidar	Noads	rnoadsc6@livejournal.com	Male	44.133.7.210	51	1981-08-22
440	Lesley	Marzelo	lmarzeloc7@chron.com	Female	52.249.53.129	24	1992-12-18
441	Yolanthe	Chislett	ychislettc8@aol.com	Female	65.81.108.131	59	1995-10-24
442	Andie	Colbrun	acolbrunc9@mashable.com	Male	197.16.8.136	42	1979-08-07
443	Danice	Pilmore	dpilmoreca@addthis.com	Female	18.110.20.160	71	1953-08-29
444	Monica	Eliesco	meliescocb@mit.edu	Female	155.120.2.136	74	1982-04-09
445	Clarita	Caldero	ccalderocc@moonfruit.com	Female	77.30.74.50	28	1955-05-23
446	Angil	Benbrick	abenbrickcd@wsj.com	Female	146.31.70.108	81	1951-03-28
447	Murielle	Thunder	mthunderce@example.com	Female	121.160.26.190	64	1952-03-03
448	Keen	Brokenshaw	kbrokenshawcf@zdnet.com	Male	24.213.6.196	79	1994-02-20
449	Milo	Dorre	mdorrecg@redcross.org	Male	118.203.135.28	43	1953-06-24
450	Glynn	Cluitt	gcluittch@51.la	Male	25.115.4.162	68	1954-08-19
451	Allison	Munsey	amunseyci@netvibes.com	Non-binary	247.47.96.24	32	1955-12-29
452	Sloane	Thoms	sthomscj@xing.com	Male	120.199.148.5	63	1972-04-29
453	Janeczka	Briston	jbristonck@washingtonpost.com	Female	157.136.225.23	44	1988-11-03
454	Reena	Bevir	rbevircl@yale.edu	Genderqueer	211.85.147.104	26	1967-04-27
455	Heinrick	Daulton	hdaultoncm@nba.com	Male	175.167.157.155	70	1957-09-26
456	Kelsey	Rahlof	krahlofcn@admin.ch	Male	25.129.137.226	25	1938-01-22
457	Rosella	Port	rportco@dyndns.org	Female	118.38.57.178	53	1962-10-02
458	Lucian	Yeabsley	lyeabsleycp@netlog.com	Agender	111.96.137.202	20	2002-07-13
459	Dur	Sweetlove	dsweetlovecq@friendfeed.com	Male	249.148.231.246	44	1947-04-21
460	Fredrick	Cullotey	fculloteycr@twitter.com	Male	90.180.86.126	19	1983-11-06
461	Cameron	Strachan	cstrachancs@acquirethisname.com	Male	237.197.209.237	45	1939-02-24
462	Gerri	Thomesson	gthomessonct@t-online.de	Male	178.204.227.46	78	1980-07-20
463	Kelby	Wyman	kwymancu@salon.com	Male	2.72.143.6	39	1959-06-08
464	Zarla	Robichon	zrobichoncv@yahoo.com	Female	56.109.170.168	75	1962-11-09
465	Correy	Jude	cjudecw@bloglovin.com	Female	220.10.246.27	27	1944-12-06
466	Antonietta	Snoddon	asnoddoncx@ft.com	Female	250.47.100.161	40	1939-09-25
467	Kelwin	Dommett	kdommettcy@ox.ac.uk	Male	182.98.191.239	42	1975-07-28
468	Merrielle	Boeter	mboetercz@flickr.com	Female	241.62.16.75	25	1997-02-23
469	Merola	Brooksby	mbrooksbyd0@elegantthemes.com	Female	124.199.68.208	64	1934-03-04
470	Toinette	Helversen	thelversend1@goo.gl	Female	42.48.13.5	78	1957-06-19
471	Katie	McKyrrelly	kmckyrrellyd2@yahoo.co.jp	Female	15.156.107.157	82	1962-06-12
472	Jania	Dimont	jdimontd3@webs.com	Female	210.30.79.227	48	1997-08-12
473	Selig	Yakunikov	syakunikovd4@wiley.com	Male	28.15.209.236	83	1973-11-23
474	Hughie	Noe	hnoed5@state.gov	Male	210.138.141.136	69	1984-08-24
475	Hadria	Pentland	hpentlandd6@netscape.com	Female	217.46.79.45	71	1976-08-23
476	Mace	Archard	marchardd7@google.co.jp	Male	80.62.154.44	77	1997-01-05
477	Kort	Polak	kpolakd8@paypal.com	Male	229.131.146.116	20	1947-05-31
478	Richy	Konertz	rkonertzd9@goo.ne.jp	Non-binary	146.114.222.213	68	1993-10-29
479	Brietta	McPeice	bmcpeiceda@printfriendly.com	Female	181.253.226.232	78	1998-03-11
480	Yulma	Barnett	ybarnettdb@wordpress.org	Male	206.142.17.59	33	1990-09-10
481	Paula	Deevey	pdeeveydc@japanpost.jp	Female	35.204.222.122	69	1970-04-09
482	Bel	Durtnal	bdurtnaldd@uol.com.br	Female	72.87.174.41	52	1970-10-09
483	Kerwin	Learie	kleariede@imgur.com	Male	21.102.110.53	31	1948-02-24
484	Ethelyn	Crosfeld	ecrosfelddf@bandcamp.com	Female	74.132.151.17	34	1945-06-28
485	Arni	Lemerie	alemeriedg@ted.com	Male	164.69.212.172	70	1993-06-16
486	Deena	Boyer	dboyerdh@wikia.com	Female	63.91.216.191	29	1956-06-24
487	Carroll	Teasey	cteaseydi@trellian.com	Male	88.127.14.11	68	1956-08-10
488	Aimil	Dearan	adearandj@yolasite.com	Female	72.160.91.10	42	1931-10-27
489	Allison	Cornbell	acornbelldk@state.gov	Female	226.3.56.177	27	1975-06-09
490	Geri	Cumine	gcuminedl@go.com	Female	141.172.205.243	24	1995-04-12
491	Damiano	Norton	dnortondm@intel.com	Male	187.237.161.15	54	1990-01-30
492	Karla	Spridgeon	kspridgeondn@cornell.edu	Female	13.196.205.167	57	1952-10-05
493	Brendis	Fillimore	bfillimoredo@statcounter.com	Agender	167.183.225.133	41	1978-01-01
494	Theobald	Fortnon	tfortnondp@wiley.com	Male	1.187.122.60	67	1969-08-31
495	Harbert	Pietruszewicz	hpietruszewiczdq@alexa.com	Male	242.113.223.142	55	1978-02-16
496	Cash	MacCarter	cmaccarterdr@pcworld.com	Male	176.158.170.62	60	1999-10-08
497	Taddeo	Bush	tbushds@pen.io	Male	245.57.80.149	63	1942-04-23
498	Margaretta	Farran	mfarrandt@gmpg.org	Female	202.125.135.43	30	1995-11-12
499	Xylina	Iacabucci	xiacabuccidu@cam.ac.uk	Non-binary	89.84.38.45	78	1981-11-05
500	Bertie	Kleinstub	bkleinstubdv@bizjournals.com	Male	246.203.179.5	84	1956-12-08
501	Berty	Marnane	bmarnanedw@nyu.edu	Female	98.88.8.201	31	1947-03-02
502	Enos	Allix	eallixdx@dropbox.com	Non-binary	174.210.185.131	47	1951-05-07
503	Baryram	Belderfield	bbelderfielddy@dion.ne.jp	Male	126.170.106.59	36	1947-08-22
504	Harmon	Coutthart	hcoutthartdz@boston.com	Male	119.163.119.138	73	1973-05-09
505	Della	Fitton	dfittone0@zimbio.com	Female	148.102.235.30	54	1957-03-25
506	Trace	Dofty	tdoftye1@sohu.com	Male	250.121.34.179	22	1979-07-06
507	Caterina	Style	cstylee2@unesco.org	Non-binary	193.173.11.160	68	1933-10-25
508	Paddie	Byars	pbyarse3@mozilla.org	Male	202.25.157.194	74	1960-06-19
509	Katlin	Howis	khowise4@cnet.com	Female	51.49.105.252	56	1975-06-12
510	Marketa	Withnall	mwithnalle5@qq.com	Female	220.230.166.164	79	1983-12-25
511	Timothea	Grover	tgrovere6@howstuffworks.com	Female	120.65.197.47	53	1932-12-20
512	Scarlet	Fudger	sfudgere7@seattletimes.com	Female	36.9.87.71	63	1967-09-26
513	Toinette	De Maine	tdemainee8@hatena.ne.jp	Non-binary	240.130.244.228	60	1995-11-02
514	Denny	Haslehurst	dhaslehurste9@google.ru	Male	162.95.45.14	18	1991-10-07
515	Jolie	Fist	jfistea@prnewswire.com	Genderqueer	207.200.63.48	38	1968-09-11
516	Chandal	Anthony	canthonyeb@nasa.gov	Female	95.143.0.58	22	1979-05-08
517	Nate	Brundrett	nbrundrettec@bigcartel.com	Male	16.239.202.10	80	1982-12-29
518	Griffie	Beirne	gbeirneed@123-reg.co.uk	Male	154.15.113.45	81	1956-06-07
519	Mylo	Lumsdale	mlumsdaleee@mozilla.com	Male	106.137.181.39	48	1970-04-14
520	Garrick	Allington	gallingtonef@cyberchimps.com	Male	95.88.250.241	37	1932-06-09
521	Tracey	Ivimy	tivimyeg@wikimedia.org	Female	218.251.43.157	52	1983-01-02
522	Palmer	Simonson	psimonsoneh@nih.gov	Male	180.166.167.235	82	1996-05-05
523	Early	Errichiello	eerrichielloei@forbes.com	Male	195.51.37.102	68	1993-02-09
524	Lorne	Gilhool	lgilhoolej@cbc.ca	Female	222.93.48.135	33	1946-02-06
525	Sharity	Ivakhnov	sivakhnovek@squidoo.com	Female	1.252.48.71	44	1941-02-20
526	Gwyn	Kelling	gkellingel@marketwatch.com	Female	240.53.24.151	77	1951-11-08
527	Dorothee	Baiss	dbaissem@ted.com	Female	64.92.54.6	64	1989-09-12
528	Meridel	Lightfoot	mlightfooten@usa.gov	Female	176.77.78.140	21	1972-06-24
529	Germain	Hacket	ghacketeo@ucla.edu	Bigender	89.112.184.44	23	1976-12-11
530	Felic	Tunnow	ftunnowep@printfriendly.com	Male	192.202.117.174	27	1976-11-30
531	Kirsteni	Chrystal	kchrystaleq@answers.com	Genderfluid	55.11.207.38	57	1962-08-04
532	Jorey	Beves	jbeveser@sciencedirect.com	Female	85.135.59.51	63	1959-02-21
533	Kara	Mehew	kmehewes@newyorker.com	Female	221.117.4.135	37	1966-06-14
534	Conney	Deackes	cdeackeset@japanpost.jp	Male	193.47.229.180	52	1947-02-10
535	Kirby	Dami	kdamieu@salon.com	Male	136.238.147.206	28	1948-07-16
536	Ly	Antrim	lantrimev@wisc.edu	Male	118.68.61.78	40	1966-08-10
537	Marlo	Redwing	mredwingew@accuweather.com	Male	250.254.250.193	58	1976-10-15
538	Wini	Rodie	wrodieex@cnbc.com	Female	122.187.56.121	22	1974-06-22
539	Maxi	Brameld	mbrameldey@1688.com	Female	166.176.74.203	65	1980-04-05
540	Jock	Wilcocks	jwilcocksez@un.org	Male	232.36.77.57	18	1942-09-05
541	Archibaldo	Edgell	aedgellf0@howstuffworks.com	Male	142.132.135.206	62	1997-10-16
542	Clayborn	Phillpotts	cphillpottsf1@360.cn	Male	192.103.139.107	41	1952-03-19
543	Gregoor	Vieyra	gvieyraf2@yellowpages.com	Agender	115.132.52.55	30	1970-12-12
544	Frayda	Elener	felenerf3@narod.ru	Female	143.44.90.35	34	1956-04-09
545	Vassili	Chipman	vchipmanf4@bloglines.com	Male	218.153.98.192	55	1936-11-18
546	Reggi	Corrison	rcorrisonf5@cnet.com	Female	87.178.118.83	54	1945-07-19
547	Lucina	MacMakin	lmacmakinf6@issuu.com	Female	20.108.34.27	34	1941-10-11
548	Bat	Jodlkowski	bjodlkowskif7@microsoft.com	Male	181.34.72.129	18	1999-07-31
549	Maribelle	Engall	mengallf8@ustream.tv	Female	137.250.200.172	53	2002-02-16
550	Quill	Plante	qplantef9@techcrunch.com	Male	248.96.67.206	73	1949-11-23
551	Quintilla	Foffano	qfoffanofa@princeton.edu	Female	198.19.151.255	69	1942-04-16
552	Johnnie	Shimuk	jshimukfb@1688.com	Male	238.251.46.15	34	1954-04-27
553	Fredek	Reinhard	freinhardfc@sourceforge.net	Male	99.101.99.97	21	1958-01-26
554	Ham	Gouch	hgouchfd@tiny.cc	Male	38.205.163.252	42	1989-06-28
555	Tate	Pic	tpicfe@pinterest.com	Non-binary	116.123.242.133	29	1988-08-28
556	Bennett	Martina	bmartinaff@globo.com	Agender	68.155.216.237	63	1936-08-07
557	Hershel	Stanborough	hstanboroughfg@oakley.com	Male	173.244.111.84	39	1961-12-19
558	Emlynne	Vitet	evitetfh@shutterfly.com	Female	15.49.105.16	32	1952-11-18
559	Reese	Durston	rdurstonfi@ovh.net	Male	31.156.73.183	76	1986-01-26
560	Gayle	Jorioz	gjoriozfj@fastcompany.com	Female	239.182.84.251	59	1986-10-21
561	Grethel	Kensit	gkensitfk@cnbc.com	Female	59.221.128.124	67	1989-12-21
562	Kele	Van Merwe	kvanmerwefl@cornell.edu	Male	131.40.160.169	28	1972-05-11
563	Clevie	Colebourne	ccolebournefm@theatlantic.com	Male	23.53.125.71	40	1963-12-30
564	Gilli	O'Kinedy	gokinedyfn@tmall.com	Female	155.13.129.25	79	1974-08-02
565	Ravid	Growcott	rgrowcottfo@reuters.com	Male	197.160.41.211	18	1953-02-09
566	Arlette	Evason	aevasonfp@bandcamp.com	Female	219.116.52.58	37	1957-05-19
567	Alejandra	Bardwell	abardwellfq@yale.edu	Female	255.181.108.84	55	1941-08-06
568	Robbi	Gaskall	rgaskallfr@sfgate.com	Female	240.39.77.10	73	1933-04-28
569	Pryce	Gammons	pgammonsfs@imageshack.us	Male	212.123.203.68	19	1945-10-01
570	Liz	Sarge	lsargeft@livejournal.com	Female	239.99.156.71	70	2002-04-02
571	Gifford	Cotillard	gcotillardfu@kickstarter.com	Male	117.191.161.86	56	1949-01-09
572	Peri	Zorro	pzorrofv@stanford.edu	Female	1.121.135.32	50	1953-11-20
573	Johannes	Woolfenden	jwoolfendenfw@joomla.org	Male	185.8.223.233	48	1938-08-28
574	Lou	Antecki	lanteckifx@biblegateway.com	Genderfluid	22.157.153.133	31	1935-11-29
575	Morie	Cornillot	mcornillotfy@apple.com	Male	72.9.155.93	71	1973-04-23
576	Amble	Gallardo	agallardofz@state.tx.us	Male	240.170.191.105	59	1998-02-01
577	Peder	Goldis	pgoldisg0@geocities.com	Male	169.39.105.213	22	1965-04-05
578	Niles	Pickover	npickoverg1@about.com	Bigender	156.216.164.4	54	1958-09-23
579	Leroi	Huggan	lhuggang2@chronoengine.com	Male	44.179.46.101	34	1949-08-01
580	Perren	Penton	ppentong3@nifty.com	Male	206.88.35.57	83	1963-08-01
581	Mord	Varley	mvarleyg4@godaddy.com	Male	147.40.116.83	85	1986-06-06
582	Rita	Matveichev	rmatveichevg5@baidu.com	Female	225.156.161.86	43	1986-01-25
583	Dyan	Brun	dbrung6@t.co	Female	111.16.44.225	65	1964-07-05
584	Hortense	Stuckford	hstuckfordg7@feedburner.com	Female	0.85.86.66	26	1998-11-03
585	Skell	Till	stillg8@dot.gov	Male	124.128.177.242	60	1995-02-23
586	Lavinia	Van De Cappelle	lvandecappelleg9@surveymonkey.com	Female	253.127.95.200	62	1993-07-05
587	Odilia	Peplay	opeplayga@a8.net	Female	243.80.171.38	70	1949-05-08
588	Cesya	Barmadier	cbarmadiergb@xrea.com	Female	100.92.115.117	21	1960-12-19
589	Brade	Mora	bmoragc@homestead.com	Male	241.166.93.157	83	1979-09-03
590	Bradney	Headford	bheadfordgd@is.gd	Male	193.11.4.140	29	1952-05-29
591	Chryste	Swett	cswettge@tripadvisor.com	Female	49.112.3.43	36	1958-12-13
592	Sammy	Bunce	sbuncegf@fastcompany.com	Male	88.111.154.164	56	1975-08-02
593	Rockwell	Brown	rbrowngg@hugedomains.com	Male	129.150.50.56	48	1976-03-30
594	Job	Quenby	jquenbygh@fotki.com	Male	225.34.87.110	78	1953-05-13
595	Syd	Burtenshaw	sburtenshawgi@altervista.org	Male	5.18.129.84	79	1979-02-26
596	Mirelle	Rudkin	mrudkingj@oracle.com	Female	226.53.142.127	64	1930-01-03
597	Claudette	McLeman	cmclemangk@google.pl	Female	203.178.121.181	50	1998-09-06
598	Catharine	Figgen	cfiggengl@nsw.gov.au	Female	231.143.139.66	43	1931-09-25
599	Sophia	Prawle	sprawlegm@slashdot.org	Female	116.195.17.234	20	1961-11-03
600	Eduardo	cornhill	ecornhillgn@howstuffworks.com	Male	88.142.211.160	72	1935-11-28
601	Kaia	Guice	kguicego@facebook.com	Female	251.188.138.253	35	1974-01-21
602	Charmion	MacTrustram	cmactrustramgp@arstechnica.com	Female	84.4.34.120	46	1971-06-28
603	Nettie	Janoch	njanochgq@vimeo.com	Female	14.218.40.88	28	1971-12-22
604	Taber	Salvador	tsalvadorgr@vkontakte.ru	Male	212.34.170.246	83	1958-10-13
605	Harley	Browning	hbrowninggs@chicagotribune.com	Female	179.113.188.69	34	1962-05-27
606	Drud	Busen	dbusengt@odnoklassniki.ru	Male	53.53.191.153	32	1981-12-24
607	Susie	Barson	sbarsongu@amazonaws.com	Female	243.162.37.236	76	1949-02-10
608	Ardra	Maling	amalinggv@wunderground.com	Female	132.38.152.177	68	1989-07-15
609	Bliss	Mutimer	bmutimergw@seattletimes.com	Female	191.236.139.148	66	1970-03-03
610	Mickie	Brayshaw	mbrayshawgx@google.com.au	Female	18.104.202.231	64	1943-02-01
611	Colman	Wellington	cwellingtongy@gmpg.org	Male	67.158.46.178	25	1965-08-04
612	Dena	Crosby	dcrosbygz@1688.com	Female	162.203.84.86	73	1947-07-24
613	Loy	Ventura	lventurah0@yolasite.com	Male	37.58.222.47	28	1940-05-17
614	Basilio	Wilbud	bwilbudh1@prlog.org	Male	146.228.59.129	75	1989-12-25
615	Bard	Dibbs	bdibbsh2@joomla.org	Male	216.210.223.241	26	1984-12-30
616	Erastus	Ghirardi	eghirardih3@scientificamerican.com	Male	91.125.170.130	82	1992-12-05
617	Vasily	Willson	vwillsonh4@meetup.com	Genderqueer	229.224.234.158	21	1955-08-06
618	Christyna	Weinberg	cweinbergh5@typepad.com	Female	69.112.185.213	52	1939-06-23
619	Dorian	Bowgen	dbowgenh6@wikispaces.com	Male	199.116.55.133	49	1967-12-27
620	Rebecca	Manterfield	rmanterfieldh7@odnoklassniki.ru	Female	123.218.155.34	35	1996-03-23
621	Eleanora	Brittian	ebrittianh8@microsoft.com	Female	104.207.11.254	78	1998-07-23
622	Goldarina	Pactat	gpactath9@ezinearticles.com	Female	126.136.152.54	33	1999-05-02
623	Candida	Broadfoot	cbroadfootha@msu.edu	Female	174.251.218.145	45	1994-11-22
624	Gretel	Fisbburne	gfisbburnehb@usatoday.com	Female	104.176.3.116	60	1965-02-08
625	Molly	Alexsandrev	malexsandrevhc@theguardian.com	Female	7.165.234.160	32	1973-09-06
626	Brinna	Dragge	bdraggehd@tuttocitta.it	Female	117.141.88.69	75	1987-02-10
627	Zachariah	Chipping	zchippinghe@shop-pro.jp	Male	177.74.22.130	67	1973-12-15
628	Keely	Redfern	kredfernhf@wikispaces.com	Female	79.183.172.205	34	1977-12-11
629	Sandy	Meriot	smeriothg@exblog.jp	Male	110.166.64.33	46	1976-03-22
630	Terencio	Maben	tmabenhh@ed.gov	Male	45.0.182.126	20	1961-11-06
631	Morlee	Spight	mspighthi@blogs.com	Agender	14.152.87.241	85	1943-08-31
632	Gibby	Nanninini	gnannininihj@linkedin.com	Male	237.149.46.60	57	1944-08-06
633	Jeanine	Smartman	jsmartmanhk@cdbaby.com	Female	144.192.83.246	39	1958-07-20
634	Ben	Seywood	bseywoodhl@cbc.ca	Male	142.235.230.132	83	1934-10-18
635	Lilah	Gallaher	lgallaherhm@uiuc.edu	Female	103.135.164.133	51	1939-06-18
636	Udell	Todman	utodmanhn@cdc.gov	Genderqueer	140.253.34.112	55	1981-06-15
637	Red	Marley	rmarleyho@slate.com	Genderfluid	163.131.35.23	47	1959-06-11
638	Gherardo	Crinidge	gcrinidgehp@tamu.edu	Male	172.26.203.37	39	1963-05-13
639	Antonia	Winney	awinneyhq@wikispaces.com	Female	140.199.239.11	74	1948-04-11
640	Thia	Raiman	traimanhr@discuz.net	Female	22.235.248.163	78	1996-12-03
641	Michal	Hellcat	mhellcaths@devhub.com	Female	82.39.62.16	84	1998-08-18
642	Dmitri	Alsopp	dalsoppht@state.gov	Male	139.236.248.194	63	1938-04-08
643	Letizia	Bebbell	lbebbellhu@aol.com	Female	214.139.26.216	53	1933-10-01
644	Niven	Durrett	ndurretthv@google.pl	Male	176.21.111.173	68	1984-06-12
645	Margaretha	Mc Pake	mmcpakehw@loc.gov	Genderqueer	204.194.14.136	36	1994-10-31
646	Gerrie	Spata	gspatahx@indiegogo.com	Female	186.165.174.247	21	1975-08-29
647	Hatty	Marquand	hmarquandhy@abc.net.au	Female	34.1.125.72	27	1940-12-19
648	Gerome	Pankettman	gpankettmanhz@ftc.gov	Male	76.72.147.121	75	1974-11-05
649	Clim	O'Grada	cogradai0@unc.edu	Polygender	239.188.36.124	45	1973-07-21
650	Cass	Dinley	cdinleyi1@networkadvertising.org	Male	118.87.241.71	19	1962-09-02
651	Lionello	Inman	linmani2@scientificamerican.com	Male	23.165.21.102	32	1943-10-12
652	Corly	Pittel	cpitteli3@theguardian.com	Female	245.114.97.162	73	1981-08-24
653	Zacharia	Di Baudi	zdibaudii4@timesonline.co.uk	Male	138.154.236.78	71	1942-03-21
654	Melantha	Cortez	mcortezi5@myspace.com	Female	146.237.90.252	60	1941-07-18
655	Elbertine	Vankeev	evankeevi6@stumbleupon.com	Female	66.192.176.73	77	1995-09-15
656	Ogdan	Coaten	ocoateni7@java.com	Male	226.92.8.226	26	1959-08-10
657	Juditha	Evenden	jevendeni8@dagondesign.com	Female	55.7.147.67	29	1931-10-27
658	Iolanthe	Weal	iweali9@gravatar.com	Female	236.228.132.159	22	1932-11-23
659	Marta	Billo	mbilloia@mayoclinic.com	Female	34.158.45.222	28	1942-10-04
660	Bobby	Alloisi	balloisiib@pagesperso-orange.fr	Male	158.78.57.142	83	1964-08-31
661	Patrizia	Aiskovitch	paiskovitchic@bbb.org	Female	182.68.103.176	36	1990-10-21
662	Viviana	Ceschelli	vceschelliid@bloomberg.com	Female	2.159.146.231	21	1975-09-07
663	Grady	Markey	gmarkeyie@jalbum.net	Male	200.252.81.21	41	1932-03-26
664	Mitchell	Coronas	mcoronasif@vistaprint.com	Male	176.143.198.21	79	1972-05-26
665	Odette	Billingsly	obillingslyig@4shared.com	Female	242.224.112.21	65	1980-01-12
666	Christoper	Ruane	cruaneih@vistaprint.com	Male	69.173.179.7	30	1981-09-22
667	Tann	Buxey	tbuxeyii@feedburner.com	Male	142.161.230.126	59	1933-06-29
668	Caritta	Stonham	cstonhamij@utexas.edu	Female	185.163.252.108	78	1991-11-04
669	Thornie	Hans	thansik@phpbb.com	Male	114.154.19.3	53	1991-08-29
670	Derk	Robertsen	drobertsenil@squarespace.com	Male	221.33.116.232	41	1977-12-27
671	Torrey	Winslow	twinslowim@ox.ac.uk	Male	92.138.244.86	76	1969-12-20
672	Friedrick	Purle	fpurlein@1und1.de	Male	34.82.224.226	47	1976-12-14
673	Maudie	Spens	mspensio@sbwire.com	Female	202.202.73.15	30	1968-02-18
674	Hamish	Beadnall	hbeadnallip@salon.com	Genderqueer	251.145.84.249	53	1983-06-28
675	Theo	Sarfat	tsarfatiq@printfriendly.com	Male	98.232.114.104	50	1932-05-20
676	Marylou	Baddeley	mbaddeleyir@booking.com	Female	173.185.167.175	38	1942-11-13
677	Felix	Dallison	fdallisonis@barnesandnoble.com	Non-binary	195.253.113.6	38	1997-05-06
678	Rona	Garnul	rgarnulit@hp.com	Female	139.234.196.29	44	1997-09-09
679	Tanhya	Scholig	tscholigiu@dropbox.com	Female	39.115.2.218	57	1940-10-14
680	Happy	de Courcy	hdecourcyiv@freewebs.com	Female	73.92.120.234	19	1958-08-12
681	Nolly	Nesterov	nnesteroviw@yahoo.co.jp	Male	223.77.193.224	58	1965-03-01
682	Tyrus	Engall	tengallix@europa.eu	Male	253.219.158.68	54	1975-05-08
683	Gradey	Brimley	gbrimleyiy@miibeian.gov.cn	Male	114.9.77.233	58	1986-05-05
684	Catrina	Serris	cserrisiz@phpbb.com	Female	36.168.161.168	26	1965-03-20
685	Nannette	Haggus	nhaggusj0@example.com	Female	42.161.65.230	58	1976-10-22
686	Bride	Hurdman	bhurdmanj1@shinystat.com	Female	124.163.55.24	63	1997-08-31
687	Joyan	Markovic	jmarkovicj2@example.com	Female	188.109.9.114	52	1990-04-19
688	Wakefield	Midgley	wmidgleyj3@pcworld.com	Male	61.228.109.105	22	1941-05-03
689	Julianna	Petett	jpetettj4@nba.com	Female	217.234.207.219	56	1986-07-12
690	Drusy	Gerritsma	dgerritsmaj5@about.com	Female	252.107.185.190	63	1988-06-27
691	Sofie	Nairne	snairnej6@who.int	Female	168.149.190.35	54	1987-01-21
692	Velvet	Reimer	vreimerj7@godaddy.com	Female	137.237.223.221	37	1964-06-09
693	Link	Igounet	ligounetj8@opera.com	Male	222.135.213.25	43	2001-11-13
694	Car	Mort	cmortj9@hud.gov	Male	107.73.229.102	33	1950-05-19
695	King	Dumbarton	kdumbartonja@ted.com	Male	107.17.162.150	68	1961-05-20
696	Dinnie	Skirlin	dskirlinjb@house.gov	Bigender	164.31.44.188	63	1979-12-07
697	Charlotta	Bambrough	cbambroughjc@bizjournals.com	Female	163.250.252.239	33	1981-01-03
698	Queenie	Poore	qpoorejd@icio.us	Female	173.106.254.148	73	1936-01-10
699	Allayne	Dudny	adudnyje@shinystat.com	Male	177.246.89.92	33	1977-07-08
700	Jermaine	Menary	jmenaryjf@blogger.com	Male	253.69.60.146	71	1933-10-02
701	Caleb	Gibke	cgibkejg@naver.com	Male	160.213.117.2	48	1935-10-28
702	Dominik	Schuck	dschuckjh@moonfruit.com	Male	211.198.249.230	57	1984-09-13
703	Bordie	Keuntje	bkeuntjeji@who.int	Male	126.237.164.145	63	1990-08-05
704	Dinny	Clemendet	dclemendetjj@soup.io	Female	56.175.47.251	35	1989-07-30
705	Ottilie	Telezhkin	otelezhkinjk@scribd.com	Female	116.40.111.239	78	1989-05-13
706	Roseanne	Bettlestone	rbettlestonejl@domainmarket.com	Female	98.137.80.144	79	1945-08-27
707	Charisse	Tessyman	ctessymanjm@merriam-webster.com	Female	199.38.51.192	77	1965-09-10
708	Valentino	Wordington	vwordingtonjn@hibu.com	Male	131.168.55.104	29	1932-11-17
709	Lauraine	Drinkall	ldrinkalljo@sphinn.com	Female	67.245.158.194	20	1987-11-30
710	Jeth	Milnthorpe	jmilnthorpejp@usatoday.com	Male	71.239.188.122	81	1976-12-21
711	Ginger	Sowte	gsowtejq@discovery.com	Female	46.192.242.248	27	1989-05-11
712	Barthel	Vivien	bvivienjr@feedburner.com	Male	49.76.210.37	85	1961-02-12
713	Brandice	Quincey	bquinceyjs@rediff.com	Female	28.33.216.212	33	1979-08-11
714	Ingeborg	Keelan	ikeelanjt@seesaa.net	Female	156.155.41.143	39	1936-12-27
715	Joycelin	Wilgar	jwilgarju@tuttocitta.it	Female	229.79.47.56	62	1986-10-06
716	Lexie	Josselsohn	ljosselsohnjv@howstuffworks.com	Female	17.226.212.142	22	1984-10-03
717	Valentin	Lamond	vlamondjw@goo.ne.jp	Male	71.3.133.20	18	1988-06-08
718	Yardley	Gieraths	ygierathsjx@techcrunch.com	Male	69.186.58.72	53	1970-03-26
719	Ninon	Severn	nsevernjy@ifeng.com	Female	205.120.157.47	58	1963-03-04
720	Evan	Hairon	ehaironjz@example.com	Male	167.127.114.168	67	1953-01-28
721	Betta	Petteford	bpettefordk0@paginegialle.it	Female	17.80.154.11	71	1990-03-07
722	Nelli	Narbett	nnarbettk1@ucla.edu	Female	111.55.28.34	63	1978-03-04
723	Jaimie	Rawlyns	jrawlynsk2@theatlantic.com	Female	152.205.237.151	20	1964-10-11
724	Saraann	Rojel	srojelk3@github.com	Female	164.102.223.12	70	1942-04-29
725	Clayborn	Marfield	cmarfieldk4@baidu.com	Male	75.96.104.123	71	1996-03-30
726	Jard	Chimenti	jchimentik5@sitemeter.com	Male	6.127.126.171	71	1989-01-25
727	Knox	Westoff	kwestoffk6@seesaa.net	Male	120.47.162.44	60	1958-09-22
728	Morlee	Burg	mburgk7@arstechnica.com	Male	164.145.131.76	62	1989-05-13
729	Jarret	Lindemann	jlindemannk8@ucsd.edu	Male	172.90.101.17	20	1943-02-12
730	Teresina	Deware	tdewarek9@microsoft.com	Female	77.19.132.169	25	1990-03-24
731	Gelya	Freschini	gfreschinika@accuweather.com	Female	251.254.113.122	66	1966-11-09
732	Reider	Wiskar	rwiskarkb@tmall.com	Male	57.111.45.74	35	1973-01-03
733	Kristofer	Pisco	kpiscokc@unblog.fr	Male	151.113.51.145	83	1954-09-06
734	Troy	Eton	tetonkd@gravatar.com	Male	43.95.157.214	44	2000-10-13
735	Harlie	Conlaund	hconlaundke@state.tx.us	Female	217.53.194.142	61	1962-12-17
736	Clevey	Svanini	csvaninikf@yellowbook.com	Male	138.33.200.149	23	1939-04-24
737	Joellyn	Shyre	jshyrekg@shareasale.com	Female	97.137.231.80	69	1994-10-21
738	Helge	Blitzer	hblitzerkh@scribd.com	Female	7.184.121.201	21	1979-02-22
739	Cinda	Leisk	cleiskki@w3.org	Female	42.78.50.47	18	1962-02-01
740	Melesa	Gidman	mgidmankj@statcounter.com	Female	37.249.11.90	48	1949-09-09
741	Steffi	Perazzo	sperazzokk@paypal.com	Bigender	72.49.250.56	85	1999-12-12
742	Clea	Bascombe	cbascombekl@sakura.ne.jp	Female	183.193.13.20	46	2001-04-29
743	Laney	Boichat	lboichatkm@paypal.com	Female	43.50.3.145	66	1999-09-09
744	Twila	Copyn	tcopynkn@ft.com	Female	184.95.197.184	23	1959-01-25
745	Alena	Nuemann	anuemannko@ca.gov	Female	144.72.220.138	20	1981-11-14
746	Gertrude	Luxmoore	gluxmoorekp@dropbox.com	Female	82.142.153.111	58	1974-12-04
747	Trisha	Moles	tmoleskq@desdev.cn	Female	60.83.193.161	39	1946-05-02
748	Albie	Goodbar	agoodbarkr@deviantart.com	Male	145.224.201.206	19	1987-05-28
749	Hannis	Kimm	hkimmks@psu.edu	Female	16.108.200.181	85	1998-12-23
750	Nevil	Pettecrew	npettecrewkt@statcounter.com	Male	58.112.71.79	68	1951-07-18
751	Kendre	Harragin	kharraginku@parallels.com	Female	124.98.96.61	54	1957-06-27
752	Alberto	McLugish	amclugishkv@quantcast.com	Male	39.78.180.163	62	1933-11-30
753	Marten	Stallworth	mstallworthkw@cam.ac.uk	Male	89.166.118.168	43	1957-02-25
754	Carlen	Fidal	cfidalkx@springer.com	Female	246.32.54.107	80	1956-01-17
755	Milicent	Lodwick	mlodwickky@phoca.cz	Female	98.122.31.39	81	1949-05-28
756	Lanni	Cockerton	lcockertonkz@google.es	Female	120.50.184.114	38	1938-09-07
757	Lusa	Bellamy	lbellamyl0@gizmodo.com	Female	198.9.255.128	50	1971-08-23
758	Alexandros	Scantleberry	ascantleberryl1@seattletimes.com	Male	163.23.169.234	39	1994-09-26
759	Natalie	Depke	ndepkel2@china.com.cn	Female	169.200.43.105	37	1952-05-01
760	Dolli	Morrad	dmorradl3@blog.com	Female	144.241.234.129	78	1952-10-27
761	Ikey	Dicky	idickyl4@go.com	Male	102.201.124.111	40	1949-10-07
762	Ted	Jedrzejewsky	tjedrzejewskyl5@nasa.gov	Female	184.235.91.79	50	1985-06-11
763	Eula	McNally	emcnallyl6@illinois.edu	Female	0.174.38.254	34	1977-04-17
764	Orin	Midlane	omidlanel7@imdb.com	Male	226.161.1.145	45	1957-01-10
765	Hewett	Burfield	hburfieldl8@accuweather.com	Male	54.143.233.93	63	1951-06-09
766	Heywood	Mc Corley	hmccorleyl9@chronoengine.com	Male	226.158.115.243	70	1945-06-30
767	Gabie	Cloonan	gcloonanla@un.org	Male	211.249.252.240	38	1958-10-19
768	Cly	Kirkman	ckirkmanlb@springer.com	Male	115.141.117.13	83	1977-09-19
769	Regan	McCuffie	rmccuffielc@slideshare.net	Male	99.77.185.17	37	1996-04-30
770	Emlen	Ardern	eardernld@blogger.com	Male	255.123.55.243	28	1938-09-10
771	Keefer	Jaynes	kjaynesle@fema.gov	Male	160.128.69.9	43	1957-04-02
772	Giacinta	Priditt	gpridittlf@cyberchimps.com	Female	250.212.88.75	20	1990-09-30
773	Earl	Longhorne	elonghornelg@tiny.cc	Male	232.20.191.80	79	1972-11-01
774	Selma	McNuff	smcnufflh@mozilla.com	Female	184.166.59.254	38	1994-09-05
775	Lionel	Falk	lfalkli@discovery.com	Male	58.176.16.25	77	1988-06-05
776	Ogden	Lowin	olowinlj@army.mil	Male	71.162.160.107	21	1963-12-29
777	Gilberta	Jefferies	gjefferieslk@apache.org	Female	20.178.188.8	52	2002-08-10
778	Amandi	O' Hanvey	aohanveyll@elegantthemes.com	Female	1.27.27.197	21	1968-06-20
779	Arv	Greenless	agreenlesslm@ca.gov	Male	69.247.241.208	64	1957-01-10
780	Nanni	Di Carlo	ndicarloln@scribd.com	Female	78.37.221.204	59	1976-08-02
781	Christan	Noni	cnonilo@digg.com	Non-binary	4.170.161.124	78	1976-12-31
782	Edmon	Bernade	ebernadelp@cornell.edu	Male	200.213.148.194	37	1985-07-11
783	Alvina	MacDowall	amacdowalllq@multiply.com	Female	11.225.157.93	37	1969-09-19
784	Lucy	Segrott	lsegrottlr@last.fm	Female	7.205.72.245	43	1971-10-18
785	Lula	Saile	lsailels@google.cn	Female	22.27.19.44	25	1977-08-13
786	Ruben	Winscomb	rwinscomblt@yahoo.com	Male	46.205.34.200	49	1937-05-29
787	Dmitri	Mcall	dmcalllu@barnesandnoble.com	Male	69.79.207.112	71	2000-05-08
788	Val	Pedroli	vpedrolilv@google.com	Female	146.138.141.227	54	1996-09-24
789	Randolf	Abbatt	rabbattlw@livejournal.com	Male	131.72.121.65	60	1967-04-11
790	Dianemarie	Kahn	dkahnlx@techcrunch.com	Female	193.188.47.122	46	1954-09-04
791	Silvanus	Makiver	smakiverly@arstechnica.com	Male	239.158.89.166	74	1995-05-22
792	Cher	Fleischmann	cfleischmannlz@ask.com	Female	134.211.36.83	66	1947-06-16
793	Aarika	Vick	avickm0@example.com	Female	90.10.25.234	76	1990-08-16
794	Gill	Danzig	gdanzigm1@zdnet.com	Male	128.75.87.97	35	1996-12-15
795	Bathsheba	Bedow	bbedowm2@berkeley.edu	Female	78.60.196.91	52	1994-03-07
796	Troy	Baggarley	tbaggarleym3@tuttocitta.it	Polygender	122.57.196.18	29	1973-05-11
797	Issi	Giggie	igiggiem4@over-blog.com	Female	243.155.1.134	60	1963-02-07
798	Randolph	Sarfatti	rsarfattim5@sakura.ne.jp	Male	120.64.77.237	44	1938-02-12
799	Cobb	Parrish	cparrishm6@liveinternet.ru	Male	118.199.136.77	66	1941-04-01
800	Neal	Grog	ngrogm7@dion.ne.jp	Male	171.38.180.149	30	1963-08-15
801	Ambrosio	Woodland	awoodlandm8@economist.com	Male	238.73.216.158	58	1970-09-06
802	Deny	Wortt	dworttm9@alibaba.com	Bigender	32.69.7.233	41	1988-07-04
803	Bealle	Docker	bdockerma@nhs.uk	Male	131.112.161.123	37	2001-08-28
804	Jean	Olivas	jolivasmb@wp.com	Female	40.60.38.160	85	1939-06-26
805	Karita	Wightman	kwightmanmc@youku.com	Female	201.148.117.116	45	1956-11-18
806	Myca	Symms	msymmsmd@sakura.ne.jp	Non-binary	53.130.68.221	29	1999-04-16
807	Gonzalo	Wonfor	gwonforme@geocities.com	Male	123.76.193.48	27	1970-04-22
808	Emelen	Berntssen	eberntssenmf@reference.com	Bigender	183.207.232.95	56	1992-12-21
809	Channa	Leist	cleistmg@cloudflare.com	Female	147.178.91.84	19	1947-10-21
810	Kasey	Bolduc	kbolducmh@paypal.com	Female	112.95.40.93	19	2000-07-14
811	Karlyn	Myrtle	kmyrtlemi@webeden.co.uk	Female	17.140.160.94	70	1960-12-04
812	Gustavus	Rudolf	grudolfmj@digg.com	Male	80.4.182.164	57	1955-07-31
813	Aldin	Presland	apreslandmk@godaddy.com	Male	1.139.139.1	56	1965-05-08
814	Onfre	Gilman	ogilmanml@wix.com	Male	29.124.173.164	36	1989-10-09
815	Zared	Jertz	zjertzmm@addthis.com	Male	95.213.207.151	53	1985-07-03
816	Dee dee	Knutton	dknuttonmn@multiply.com	Female	37.248.16.197	78	1992-01-03
817	Fredrick	Pratty	fprattymo@elpais.com	Male	19.231.89.249	61	1934-01-14
818	Claudette	Mochar	cmocharmp@goo.gl	Bigender	110.91.210.201	78	1956-05-10
819	Miller	Middlemass	mmiddlemassmq@w3.org	Male	127.188.21.82	62	2000-11-06
820	Harper	Bordis	hbordismr@wiley.com	Male	81.19.206.152	25	1993-10-08
821	Gabey	Byron	gbyronms@wikia.com	Female	244.137.214.122	81	1984-06-08
822	Erick	Ciottoi	eciottoimt@walmart.com	Male	105.183.115.207	52	1933-07-08
823	Portia	Yushankin	pyushankinmu@domainmarket.com	Female	115.110.218.26	22	1963-08-12
824	Gabrielle	Peers	gpeersmv@tinyurl.com	Female	0.21.184.159	65	1944-07-18
825	Chaddy	McCorrie	cmccorriemw@wikipedia.org	Male	180.217.127.197	60	1964-05-14
826	Berny	Withnall	bwithnallmx@yahoo.com	Male	26.225.124.115	65	1931-06-15
827	Harlen	Kimmons	hkimmonsmy@guardian.co.uk	Male	78.114.103.73	80	1930-07-02
828	Kalindi	Juanico	kjuanicomz@gmpg.org	Female	251.89.53.32	22	1970-08-16
829	Nisse	Gittose	ngittosen0@hibu.com	Female	18.215.54.206	70	1953-07-02
830	Tybi	Yedall	tyedalln1@independent.co.uk	Female	15.102.186.244	81	1960-02-20
831	Aili	Kiljan	akiljann2@kickstarter.com	Female	192.166.236.58	81	1945-11-22
832	Lin	Gilhouley	lgilhouleyn3@wikia.com	Female	137.248.94.70	45	1935-07-15
833	Roch	Jakeman	rjakemann4@mozilla.org	Female	5.184.251.7	19	1943-08-07
834	Tucky	Jayme	tjaymen5@google.fr	Male	194.170.238.72	54	1971-07-26
835	Lynnea	Kopisch	lkopischn6@blogtalkradio.com	Female	59.96.151.15	80	1931-05-15
836	Terence	Coulson	tcoulsonn7@netvibes.com	Male	179.65.186.185	28	1945-07-25
837	Alejandro	Penbarthy	apenbarthyn8@oracle.com	Male	238.208.227.21	85	1950-01-08
838	Laverna	Rorke	lrorken9@wikia.com	Female	149.240.11.190	58	1942-10-16
839	Frankie	Boraston	fborastonna@paypal.com	Male	190.240.192.148	46	1943-09-16
840	Sukey	Toffano	stoffanonb@a8.net	Female	54.43.95.255	61	2000-07-12
841	Johnny	Pibworth	jpibworthnc@bloglines.com	Male	52.72.81.9	65	1969-12-27
842	Tye	Fawckner	tfawcknernd@slate.com	Male	9.34.166.178	19	1986-04-17
843	Valaree	Stoffel	vstoffelne@artisteer.com	Female	34.68.139.31	76	1953-03-17
844	Riccardo	Taggett	rtaggettnf@indiegogo.com	Male	28.242.218.161	77	1948-03-19
845	Ranee	Lukas	rlukasng@nifty.com	Female	21.49.183.209	21	1961-06-28
846	Ami	Lambird	alambirdnh@lulu.com	Female	211.224.72.176	49	1952-01-08
847	Melisandra	Elsey	melseyni@taobao.com	Female	248.204.161.222	55	1944-06-16
848	Edmon	Hursthouse	ehursthousenj@umn.edu	Male	145.32.138.171	84	1946-05-26
849	Eldridge	Filippozzi	efilippozzink@arizona.edu	Male	172.195.203.255	34	1967-12-28
850	Merrili	Threader	mthreadernl@psu.edu	Female	108.55.92.251	28	1968-06-17
851	Ulric	Tong	utongnm@japanpost.jp	Male	3.122.13.182	29	1965-10-19
852	Angelika	Robbings	arobbingsnn@weather.com	Female	123.200.52.157	26	1970-10-24
853	Lacie	Pratty	lprattyno@shutterfly.com	Female	163.68.109.214	29	1985-12-11
854	Perry	Gammack	pgammacknp@jimdo.com	Male	75.239.150.97	67	1975-10-05
855	Carlin	Pittson	cpittsonnq@unicef.org	Female	92.251.226.153	47	1931-09-17
856	Gregorio	Jancy	gjancynr@china.com.cn	Male	198.44.173.8	34	2000-11-02
857	Hastie	Westmancoat	hwestmancoatns@bbb.org	Male	201.10.63.219	36	1970-09-07
858	Nevile	O'Henecan	nohenecannt@loc.gov	Male	171.11.185.244	82	1996-10-03
859	Rik	Coules	rcoulesnu@boston.com	Male	216.21.157.2	82	1992-02-05
860	Emmeline	Baiss	ebaissnv@ox.ac.uk	Female	234.4.133.107	41	1964-12-13
861	Rennie	Killcross	rkillcrossnw@cafepress.com	Female	227.109.172.120	25	1995-12-24
862	Darnall	Tomet	dtometnx@stanford.edu	Male	14.159.23.20	49	1968-02-19
863	Atlanta	Thamelt	athameltny@privacy.gov.au	Genderqueer	255.129.244.73	54	1995-04-15
864	Modestia	Goudard	mgoudardnz@blog.com	Female	187.115.96.194	78	1930-10-05
865	Grenville	Jeyes	gjeyeso0@slashdot.org	Male	65.254.72.156	28	1944-09-29
866	Theressa	Louis	tlouiso1@ft.com	Female	109.181.72.255	82	1983-09-23
867	Ardith	Conachy	aconachyo2@hhs.gov	Female	208.139.53.159	51	1967-05-14
868	Richmound	Merrisson	rmerrissono3@va.gov	Male	253.105.51.88	59	1951-12-03
869	Locke	Prendeguest	lprendeguesto4@myspace.com	Male	126.52.195.246	41	1946-05-23
870	Korrie	Retchless	kretchlesso5@163.com	Female	161.133.156.105	57	1933-05-26
871	Angele	Amey	aameyo6@cloudflare.com	Female	128.98.49.183	48	1995-05-02
872	Lewie	Blockey	lblockeyo7@flickr.com	Non-binary	118.27.129.157	27	1977-02-03
873	Rianon	Ladel	rladelo8@tripod.com	Female	145.152.82.84	58	1936-01-05
874	Joanna	Risdall	jrisdallo9@cdbaby.com	Genderqueer	94.168.200.190	49	1954-12-11
875	Liane	Minthorpe	lminthorpeoa@yelp.com	Female	189.49.24.31	27	1951-09-07
876	Onfroi	MacDowall	omacdowallob@abc.net.au	Male	81.250.104.235	84	1953-06-01
877	Geri	Tingly	gtinglyoc@tiny.cc	Male	30.202.4.192	30	1966-09-17
878	Bendix	Uvedale	buvedaleod@google.nl	Male	69.142.16.92	44	1942-12-03
879	Domenico	Moses	dmosesoe@clickbank.net	Genderfluid	124.160.255.156	45	1932-02-22
880	Borg	Greenhill	bgreenhillof@discovery.com	Male	209.225.26.75	59	1981-08-05
881	Ginevra	Hugonin	ghugoninog@blogtalkradio.com	Female	66.122.118.215	83	1938-10-02
882	Stu	Sendall	ssendalloh@google.com.au	Male	150.82.8.134	78	1986-04-24
883	Lizzy	Lilleycrop	llilleycropoi@cpanel.net	Female	29.87.35.13	62	1996-08-26
884	Brittany	Kalisch	bkalischoj@utexas.edu	Female	201.223.45.51	79	1962-05-09
885	Rosabella	Impson	rimpsonok@berkeley.edu	Female	0.143.225.204	81	1958-01-06
886	Wynny	Quincey	wquinceyol@cornell.edu	Female	253.167.104.210	82	1970-02-28
887	Darcy	Shine	dshineom@google.ru	Female	149.44.234.101	59	1988-05-08
888	Hanan	Civitillo	hcivitilloon@theatlantic.com	Male	143.115.69.58	72	1985-08-11
889	Odetta	Bavester	obavesteroo@nih.gov	Bigender	231.49.36.131	58	1984-03-22
890	Davida	Baskerville	dbaskervilleop@webeden.co.uk	Female	202.80.55.80	58	1940-05-12
891	Greg	Smitheman	gsmithemanoq@businessweek.com	Male	20.73.253.38	44	1938-08-29
892	Emmi	Cardello	ecardelloor@mlb.com	Female	44.12.161.30	80	1932-12-30
893	Krystalle	Rentcome	krentcomeos@studiopress.com	Agender	215.198.255.8	19	1990-06-05
894	Marna	Shill	mshillot@nba.com	Female	235.233.163.87	23	1932-01-22
895	Marjorie	Restall	mrestallou@berkeley.edu	Genderqueer	16.61.72.46	80	1937-01-13
896	Winny	McGilvary	wmcgilvaryov@google.com.hk	Female	4.121.39.149	77	1966-01-03
897	Anthiathia	Le Lievre	alelievreow@soup.io	Female	148.194.168.16	42	1971-03-03
898	Rip	Ashbe	rashbeox@geocities.jp	Male	91.103.116.82	72	1958-08-26
899	Norri	Slowley	nslowleyoy@nih.gov	Female	12.188.21.168	73	1948-11-06
900	Klemens	Postians	kpostiansoz@smh.com.au	Male	237.202.236.75	72	1982-11-04
901	Sam	Garlee	sgarleep0@clickbank.net	Male	177.127.131.136	40	1933-09-30
902	Wilt	Jackman	wjackmanp1@epa.gov	Male	117.97.196.67	80	1996-09-12
903	Chilton	Dioniso	cdionisop2@upenn.edu	Male	244.87.194.172	54	1968-08-11
904	Jessica	Noice	jnoicep3@columbia.edu	Female	86.43.63.32	35	1970-09-06
905	Tonya	Currall	tcurrallp4@cisco.com	Female	14.39.67.111	59	1943-07-27
906	Boniface	Glowacki	bglowackip5@jigsy.com	Male	190.158.43.141	68	1993-10-28
907	Nicolai	Gonnet	ngonnetp6@time.com	Male	126.183.162.160	44	1981-03-26
908	Minta	Seggie	mseggiep7@businesswire.com	Female	221.57.21.88	25	1936-10-14
909	Sosanna	Scholer	sscholerp8@networksolutions.com	Female	60.229.165.6	76	1935-03-09
910	Armstrong	Da Costa	adacostap9@shareasale.com	Male	31.19.123.29	29	1963-01-03
911	Reeba	Andrejevic	randrejevicpa@amazonaws.com	Female	126.210.126.189	50	1930-09-07
912	Wren	Sijmons	wsijmonspb@mediafire.com	Female	67.241.244.192	31	1986-06-02
913	Tera	De Carlo	tdecarlopc@wikimedia.org	Female	103.214.134.19	56	1956-05-29
914	Worthy	Roubottom	wroubottompd@ca.gov	Genderqueer	161.144.16.215	58	1947-01-13
915	Shelbi	Punch	spunchpe@ustream.tv	Female	90.180.87.67	52	1976-09-12
916	Warden	Moxsom	wmoxsompf@flavors.me	Male	200.224.163.198	56	1996-05-13
917	Phil	Champe	pchampepg@yandex.ru	Male	233.182.4.19	22	1991-04-03
918	Lamont	Surmon	lsurmonph@theglobeandmail.com	Male	31.216.82.195	49	2002-07-09
919	Merralee	O'Farris	mofarrispi@theguardian.com	Genderfluid	239.68.211.205	65	1975-05-09
920	Simone	Boydon	sboydonpj@auda.org.au	Male	244.89.156.228	38	1951-07-30
921	Tobie	Cearley	tcearleypk@cnbc.com	Male	185.121.82.181	24	1974-01-15
922	Major	Fusco	mfuscopl@google.ru	Male	106.134.158.7	85	1938-09-10
923	Lidia	Niezen	lniezenpm@1und1.de	Female	18.1.93.0	83	1940-07-24
924	Margalit	Stoneham	mstonehampn@multiply.com	Female	220.101.45.113	57	1941-08-30
925	Tedi	Mathie	tmathiepo@toplist.cz	Female	27.74.105.19	80	1981-02-13
926	Marius	Ciotti	mciottipp@accuweather.com	Male	148.205.191.209	74	1931-01-10
927	Ev	Goghin	egoghinpq@hibu.com	Male	69.98.156.240	85	1993-01-18
928	Cassi	Leggate	cleggatepr@jalbum.net	Female	214.119.206.157	72	1962-03-12
929	Caesar	MacDavitt	cmacdavittps@un.org	Non-binary	200.106.205.142	71	1995-06-26
930	Ethan	Milkeham	emilkehampt@lulu.com	Male	65.63.49.163	22	1943-01-15
931	Perle	Keele	pkeelepu@tmall.com	Female	64.166.0.5	29	1986-12-23
932	Janela	Klementz	jklementzpv@chicagotribune.com	Female	80.55.219.100	70	1945-09-17
933	Stirling	Jindra	sjindrapw@amazonaws.com	Male	87.208.86.20	48	1985-04-05
934	Dieter	Gippes	dgippespx@lulu.com	Male	193.165.80.215	70	1944-01-04
935	Michaelina	Cardenoso	mcardenosopy@usda.gov	Female	231.188.140.192	47	1936-01-19
936	Petronille	Gommey	pgommeypz@businesswire.com	Female	54.167.139.223	31	1937-05-31
937	Rorie	Matushenko	rmatushenkoq0@mlb.com	Female	43.165.93.47	57	1993-10-28
938	Bartholomeus	Smewing	bsmewingq1@stumbleupon.com	Male	102.171.36.141	33	1993-09-14
939	Rois	Championnet	rchampionnetq2@google.nl	Female	244.3.107.59	32	1933-07-31
940	Stoddard	McBean	smcbeanq3@plala.or.jp	Female	50.82.116.182	45	1966-04-02
941	Errol	Tolworth	etolworthq4@forbes.com	Male	194.77.243.170	70	1996-10-10
942	Ricoriki	Bartrum	rbartrumq5@prnewswire.com	Male	33.35.229.58	85	1996-11-15
943	Denyse	Goldin	dgoldinq6@tripadvisor.com	Female	104.216.62.191	76	1972-06-10
944	Ailsun	Clutheram	aclutheramq7@loc.gov	Female	238.210.222.143	28	1930-11-27
945	Issy	Rispin	irispinq8@google.es	Female	243.225.140.212	46	1950-08-13
946	Lilyan	Arthey	lartheyq9@cdc.gov	Female	225.83.94.180	70	1971-11-10
947	Clare	Alexandersson	calexanderssonqa@dmoz.org	Genderqueer	178.243.48.203	25	1957-02-11
948	Idelle	Tenpenny	itenpennyqb@blogtalkradio.com	Female	166.72.164.143	21	1972-09-25
949	Cobbie	Prater	cpraterqc@zdnet.com	Male	218.116.35.168	42	1987-07-08
950	Babb	McMillian	bmcmillianqd@google.com.au	Female	188.198.221.197	26	1972-11-16
951	Valentina	Hinrichsen	vhinrichsenqe@angelfire.com	Female	119.61.110.111	81	1990-06-08
952	Cordie	Nazair	cnazairqf@narod.ru	Female	26.78.85.137	41	1997-10-20
953	Teodoor	Dossetter	tdossetterqg@imageshack.us	Male	215.20.12.225	66	1979-07-12
954	Lottie	Pesterfield	lpesterfieldqh@yellowpages.com	Female	63.205.25.224	35	1974-01-18
955	Shawn	Garlicke	sgarlickeqi@redcross.org	Female	207.31.105.98	84	2000-03-14
956	Nola	Belchamber	nbelchamberqj@dion.ne.jp	Female	6.125.233.8	57	1936-08-28
957	Zelda	Gowdie	zgowdieqk@blogtalkradio.com	Female	178.31.162.139	27	1978-04-18
958	Colin	Ughetti	cughettiql@wikia.com	Male	207.162.252.3	72	1994-05-30
959	Felicdad	Dougliss	fdouglissqm@moonfruit.com	Female	175.204.184.62	81	1996-08-10
960	Aime	Eassom	aeassomqn@samsung.com	Female	19.30.45.204	79	1943-10-29
961	Osbourne	Gay	ogayqo@4shared.com	Male	24.135.113.162	48	1960-09-15
962	Jasmine	Worsell	jworsellqp@dedecms.com	Genderfluid	57.232.240.219	45	1998-04-14
963	Mordecai	Oakwood	moakwoodqq@t.co	Male	139.207.39.195	63	1950-04-05
964	Alfreda	Stonhard	astonhardqr@ucoz.ru	Female	106.252.31.186	42	1980-09-17
965	Maxwell	Vinker	mvinkerqs@friendfeed.com	Male	5.158.217.154	73	1965-11-05
966	Elvin	Embery	eemberyqt@aboutads.info	Male	249.118.22.120	36	1930-04-11
967	Cart	Cunio	ccunioqu@tamu.edu	Male	19.211.249.164	31	1940-11-06
968	Domenic	Bernadon	dbernadonqv@berkeley.edu	Male	241.87.171.79	36	1931-06-23
969	Bertrand	Pine	bpineqw@cbsnews.com	Polygender	63.85.146.58	65	1935-02-02
970	Alfred	Cockshot	acockshotqx@ted.com	Male	13.192.218.124	75	1991-03-13
971	Annelise	Adelsberg	aadelsbergqy@google.co.uk	Female	0.194.160.75	37	2000-06-20
972	Portia	Pasley	ppasleyqz@sitemeter.com	Female	48.206.63.179	42	1938-08-14
973	Lloyd	Pinkard	lpinkardr0@mapquest.com	Male	221.243.213.98	51	1959-05-04
974	Holli	Prosser	hprosserr1@freewebs.com	Female	45.153.39.6	68	1992-02-23
975	Onfre	Suscens	osuscensr2@tmall.com	Male	217.102.142.223	56	1987-05-08
976	Nanon	Dybald	ndybaldr3@washingtonpost.com	Genderfluid	103.71.100.229	39	1967-05-12
977	Lucila	Pottie	lpottier4@etsy.com	Female	77.17.46.172	20	1950-12-11
978	Cesar	Marchelli	cmarchellir5@sourceforge.net	Male	242.125.215.104	51	1932-12-27
979	Bernardina	Cumberland	bcumberlandr6@google.es	Female	59.53.122.102	59	1994-05-13
980	Justus	Grayshan	jgrayshanr7@godaddy.com	Male	208.61.214.47	48	1978-07-01
981	Farrah	Elverston	felverstonr8@sakura.ne.jp	Female	207.184.35.194	56	1968-09-05
982	Kippar	Rosetti	krosettir9@washingtonpost.com	Male	69.237.161.74	54	1990-12-20
983	Wildon	Cockney	wcockneyra@vk.com	Male	176.92.71.15	24	1975-02-06
984	Darci	Gartland	dgartlandrb@imdb.com	Female	70.176.111.36	26	1962-10-20
985	Tess	Geram	tgeramrc@arizona.edu	Female	161.38.154.222	38	1973-05-11
986	Sonja	Vonderdell	svonderdellrd@narod.ru	Female	98.227.227.114	42	1944-08-19
987	Demeter	Beales	dbealesre@meetup.com	Female	105.90.8.232	25	1964-11-01
988	Cecilio	Suscens	csuscensrf@blinklist.com	Male	96.75.175.219	25	1947-10-27
989	Donnell	Pilling	dpillingrg@behance.net	Male	50.49.255.56	49	1990-12-29
990	Debra	Debrett	ddebrettrh@mtv.com	Female	147.50.242.179	81	1944-06-30
991	Kimberlyn	Stampe	kstamperi@sohu.com	Female	86.136.111.69	30	1954-12-07
992	Iver	Leglise	ilegliserj@who.int	Male	90.135.223.219	20	1984-01-27
993	Horacio	Puddephatt	hpuddephattrk@sciencedaily.com	Male	229.202.68.83	34	1940-11-07
994	Bryana	Duddell	bduddellrl@sun.com	Female	115.85.165.78	83	1936-08-26
995	Breanne	Sworn	bswornrm@tumblr.com	Female	234.195.98.33	38	1935-11-01
996	Janenna	Laxton	jlaxtonrn@mediafire.com	Female	243.135.56.115	81	1979-03-25
997	Fanya	Ungerechts	fungerechtsro@typepad.com	Female	42.157.147.3	30	1983-04-24
998	Casandra	Bonaire	cbonairerp@flavors.me	Female	24.233.12.27	76	1984-09-20
999	Dominic	Foran	dforanrq@slideshare.net	Male	96.126.25.135	22	1988-06-16
1000	Dare	Pykett	dpykettrr@joomla.org	Male	162.233.194.242	74	1996-06-23
\.


--
-- Data for Name: poste; Type: TABLE DATA; Schema: public; Owner: postgres
--

COPY public.poste (n_poste, nom_poste, n_segment, ad, type_poste, n_salle) FROM stdin;
P8	Poste 8	130.120.81	1	UNIX	S11
P9	Poste 9	130.120.81	2	TX	S11
P10	Poste 10	130.120.81	3	UNIX	S12
P11	Poste 11	130.120.82	1	PCXP	S21
P12	Poste 12	130.120.82	2	PCXP	S21
P1	Poste 1	130.120.8	1	TX	S01
P2	Poste 2	130.120.8	2	UNIX	S01
P3	Poste 3	130.120.8	3	TX	S01
P4	Poste 4	130.120.8	4	PCWS	S02
P5	Poste 5	130.120.8	5	PCWS	S02
P6	Poste 6	130.120.8	6	UNIX	S03
P7	Poste 7	130.120.8	7	TX	S03
\.


--
-- Data for Name: salle; Type: TABLE DATA; Schema: public; Owner: postgres
--

COPY public.salle (n_salle, nom_salle, n_segment, nb_poste) FROM stdin;
S11	Salle 11	130.120.81	2
S12	Salle 12	130.120.81	1
S21	Salle 21	130.120.82	2
S01	Salle 1	130.120.8	3
S02	Salle 2	130.120.8	2
S03	Salle 3	130.120.8	2
\.


--
-- Data for Name: segment; Type: TABLE DATA; Schema: public; Owner: postgres
--

COPY public.segment (n_segment, nom_segment) FROM stdin;
130.120.81	segment 81
130.120.82	segment 82
130.120.8	segment 80
\.


--
-- Data for Name: type; Type: TABLE DATA; Schema: public; Owner: postgres
--

COPY public.type (type_lp, nom_type) FROM stdin;
TX	Terminal X-WINDOWS
PCXP	PC WINDOWS XP
PCWS	PC WINDWOS SERVER
NC	NETWORK COMPUTER
UNIX	unix
\.


--
-- Name: logiciel logiciel_pkey; Type: CONSTRAINT; Schema: public; Owner: postgres
--

ALTER TABLE ONLY public.logiciel
    ADD CONSTRAINT logiciel_pkey PRIMARY KEY (n_logiciel);


--
-- Name: poste poste_pkey; Type: CONSTRAINT; Schema: public; Owner: postgres
--

ALTER TABLE ONLY public.poste
    ADD CONSTRAINT poste_pkey PRIMARY KEY (n_poste);


--
-- Name: salle salle_pkey; Type: CONSTRAINT; Schema: public; Owner: postgres
--

ALTER TABLE ONLY public.salle
    ADD CONSTRAINT salle_pkey PRIMARY KEY (n_salle);


--
-- Name: segment segment_pkey; Type: CONSTRAINT; Schema: public; Owner: postgres
--

ALTER TABLE ONLY public.segment
    ADD CONSTRAINT segment_pkey PRIMARY KEY (n_segment);


--
-- Name: installer installer_n_logiciel_fkey; Type: FK CONSTRAINT; Schema: public; Owner: postgres
--

ALTER TABLE ONLY public.installer
    ADD CONSTRAINT installer_n_logiciel_fkey FOREIGN KEY (n_logiciel) REFERENCES public.logiciel(n_logiciel);


--
-- Name: installer installer_n_poste_fkey; Type: FK CONSTRAINT; Schema: public; Owner: postgres
--

ALTER TABLE ONLY public.installer
    ADD CONSTRAINT installer_n_poste_fkey FOREIGN KEY (n_poste) REFERENCES public.poste(n_poste);


--
-- Name: poste poste_n_salle_fkey; Type: FK CONSTRAINT; Schema: public; Owner: postgres
--

ALTER TABLE ONLY public.poste
    ADD CONSTRAINT poste_n_salle_fkey FOREIGN KEY (n_salle) REFERENCES public.salle(n_salle);


--
-- Name: poste poste_n_segment_fkey; Type: FK CONSTRAINT; Schema: public; Owner: postgres
--

ALTER TABLE ONLY public.poste
    ADD CONSTRAINT poste_n_segment_fkey FOREIGN KEY (n_segment) REFERENCES public.segment(n_segment) ON UPDATE CASCADE;


--
-- Name: salle salle_n_segment_fkey; Type: FK CONSTRAINT; Schema: public; Owner: postgres
--

ALTER TABLE ONLY public.salle
    ADD CONSTRAINT salle_n_segment_fkey FOREIGN KEY (n_segment) REFERENCES public.segment(n_segment) ON UPDATE CASCADE;


--
-- PostgreSQL database dump complete
--

